<?xml version="1.0" encoding="utf-8" ?>
<crature>
  <!--
    info - 관찰 레벨과는 관련 없는 정보들 ex)데미지, id, 이미지 소스 등
    
    observe - 관찰 정도에 따라 제공되는 정보들
              각 정보들에는 정보가 제공되는 레벨을 표기
              ex) <desc id="1" openLevel="1">"openLevel이 1일 때 이 정보가 제공됨"</desc>
              
              observe 노드 안의 level 은 관찰 단계의 갯수를 나타냄
  -->
  <info
    id ="100007"

    script="MatchGirl"
    >
    <stat>
      <horrorProb>0.1</horrorProb>
      <horrorMin>2.0</horrorMin>
      <horrorMax>2.0</horrorMax>

      <physicsDmg>5.0</physicsDmg>
      <mentalDmg>0.0</mentalDmg>

      <feelingMax>200.0</feelingMax>
      <feelingDownValue>5.0</feelingDownValue>
      <energyPointChange>7</energyPointChange>

      <energyGenSection>
        <section bound="70" gen="0.1375"/>
        <section bound="120" gen="0.275"/>
        <section bound="200" gen="-0.2375"/>
      </energyGenSection>
    </stat>
    
    <feeling max="100" downProb="0.44" downValue="1">
      <section feelingValue="50" state="good" energy="0.5"/>
      <section feelingValue="30" state="normal" energy="0.3"/>
      <section feelingValue="0" state="bad" energy="-1.3"/>
    </feeling>

   <narration action="move">
      -> #0(이)가 작업을 시작하러 '1.76MHz'의 방에 들어갑니다
    </narration>

    <narration action="start">
      -> [
      {1.76mhz의 방엔 ‘아무 것도’ 없습니다. 하지만 그 곳은 엄연히 격리실 이라는 점을 다시 한 번 기억해주세요.},
      {1.76mhZ 의 방에 들어간 직원들 중 일부는 악몽이나 정신착란증을 호소하기도 했었습니다.},
      {이 회사가 세워진 토지에서 xx 전쟁의 포로들이 xx 명 붙잡혔다는 이야기가 있었습니다.},
      {그 방으로 갈 때 혹시 소지품 중에 위험한 물건을 지니고 있는 건 아닌지 분명히 확인을 해봐야 할 것입니다.}
      ]
    </narration>

    <narration action="mid1">
      -> [
      {#0 은 다른 격리실 과는 달리 아무 것도 없는 방에 위화감을 느낍니다.},
      {‘1.76MHz’ 의 격리실은 원래 직원 휴게실로 쓰일 예정이었습니다.},
      {‘1.76MHz’ 의 격리실은 휑하기만 합니다. 그 흔한 벽지조차 붙어 있지 않습니다.},
      {‘1.76MHz’ 는 정확히 말하면 환상체 라기 보단 특정 현상에 가깝습니다.}
      ]
    </narration>
    <narration action="mid2">
      -> [
      {-#0 은 격리실 특유의 불길한 위압감을 느낍니다.},
      {#0 은 격리실을 가득 감싸고 있는 미미한 슬픔과 분노를 동시에 느낄 수 있습니다.},
      {#0 은 어디선가 알 수 없는 비릿한 냄새가 난다고 생각하고 있습니다.}
      {#0 의 집중력이 흐트려지고 불안함에 사로잡히기 시작합니다.}
      ]
    </narration>
    <narration action="mid3">
      -> [
      {#0 은 작업 도중 원인 모를 분노를 느끼기 시작합니다.},
      {#0 은 비정상스러운 충동에 사로잡히고 있습니다.}
      {#0 에게 환청이 들리기 시작하며 심한 두통을 호소하기 시작합니다.}
      {#0 의 집중력이 흐트려지고 불안함에 사로잡히기 시작합니다.}
      ]
    </narration>
    <narration action="mid4">
      -> [
      {작업이 끝났지만 #0 의 상태는 여전히 좋지 않습니다.},
      {겨우 작업이 마무리가 되었지만 #0 은 아직까지 긴장감을 놓지 못하고 있습니다.},
      {작업이 얼추 끝나가고 있지만 #0 의 표정은 여전히 좋지 않습니다.}
      {작업에 끝이 보이고 있지만 #0 은 계속해서 무력감에서 벗어나지 못하고 있습니다.}
         ]
    </narration>


     <narration action="death">
      -> [
      {#0 이 1.76mhZ의 영향을 받아 분노상태에 사로잡힌 #0 에게 공격을 당해 사망했습니다.}
      {#0 이 1.76mhZ의 영향을 받아 착란상태에 벗어나지 못 한 #0 에게 급작스러운 공격으로 인해 하복부에 과도한 출혈을 입고 사망했습니다.}    
      ]
    </narration>

      <narration action="panic">
      -> [
      {#0 이 1.76mhZ의 영향을 받아 알 수 없는 괴성을 지르면서 주위 사람들에게 공격을 하려는 시도를 보입니다.}  
      {#0 이 1.76mhZ의 영향을 받아 욕설을 마구잡이로 내지르면서 침을 질질 흘리고 있습니다.}
      ]
    </narration>


    <anim prefab="Unit/CreatureAnimator/MagicalGirlAnim" x="-1" y="-2"/>

    <!--<img src="Unit/creature/MatchGirl_01" x="-1" y="-1"/>-->
    <img src="Unit/dummy" x="-1" y="-1"/>
    <portrait src="Unit/creature/magicalGirl"/>
    <room src="Unit/creature/isolate_room"/>
    <frame src="Unit/creature/frame/MagicalGirl_frame"/>

    <graph>
      <node id="creature" x="-1.6" y="-1" type="creature"/>
      <node id="workspace" x="1.9" y="-1" type="workspace"/>

      <!--<node id="door"  x="2" y="-1" type="entry"/>-->
      <node id="outter" x="0" y="0" type="outterDoor"/>
      <node id="inner" x="2" y="-1" type="innerDoor"/>

      <!--<edge node1="workspace" node2="door" type="road" />-->
      <edge node1="workspace" node2="inner" type="road" />
      <edge node1="creature" node2="workspace" type="road" />
    </graph>
    <sound action="attack" src="creature/match_girl/matchgirl_attack"/>
    <sound action="enter" src="creature/match_girl/matchgirl_enter"/>
  </info>
  
  <observe level ="3">
    <collection>
      <codeNo openLevel ="0">O-06-27-T</codeNo>
      <portrait openLevel ="0"></portrait>
      <size openLevel ="0">
  5
  </size>

      <weight openLevel ="0">
0
  </weight>

      <name openLevel ="1">
1.76 MHz
</name>
      <attackType openLevel ="2">
White
</attackType>
        
      <creatureType openLevel ="1">
       Abstract
      </creatureType>

      <horrorLevel openLevel ="1">
       2
      </horrorLevel>

      <riskLevel openLevel ="1">
        TETH
      </riskLevel>

      <intelligence openLevel ="1">
        1
      </intelligence>

      <physical openLevel ="2">
        4
      </physical>

      <mental openLevel ="2">
        3
      </mental>

      <specialName openLevel ="3">
  1952년 4월 23일
  </specialName>

      <specialInfo openLevel ="3">
  절반의 확률로 투입된 직원 들 수의 대다수가 정신 착란과 집단 분노를 느끼며 주위의 사람들에게 공격적인 행동을 취한다. 
  </specialInfo>

      <aggression openLevel ="1">
  4
  </aggression>

      <gorgeous openLevel ="1">
  2
  </gorgeous>
      
      <rejectWork openLevel ="4"></rejectWork>
      
      <preferWork openLevel ="5"></preferWork>
      <solution openLevel ="2">
0
 </solution>
    </collection>
    
    <desc id="1" openLevel="0">
    -> [
        {환상체 중 유일하게 가시적인 형체가 존재하지 않는다.}
       ]
    </desc>

    <desc id="2" openLevel="1">
     -> [
        {우리가 해당 환상체를 인지하게 된 계기는 본래 다른 환상체를 배치하려던 공간에 들어간 직원들이 공통적으로 이상 증세를 보임으로써 알려지게 되었다.}
       ]
    </desc>

    <desc id="3" openLevel="2">
     -> [
        {이상 증세를 보인 직원은 총 8명으로, 특정 환각이나 환청을 겪었으며 급격히 멘탈 수치가 감소하였다는 증언을 했다. 이들의 증언이 모두 일치하였고, 방에 출입하기 전까지는 정상적이었던 멘탈 수치 기록으로 보아 위증은 아닌 것으로 판단하였다.}
       ]
    </desc>

    <desc id="4" openLevel="3">
     -> [
        {면밀한 조사를 위해 해당 방에 다양한 실험을 시도하였고, 유일하게 ‘라디오 전파 실험’에서 특별한 반응을 얻을 수 있었다.}
       ]
    </desc>



  

 <record openLevel="3">
     -> [
          {실험 보고서 일부 발췌
          라디오의 주파수를1.76MHz 로 고정시킨 후 경과를 기다리기로 함.
          12분 후, 잡음과 함께 누군가의 목소리가 들림. 외국어라 알아들을 수가 없음.
          목소리의 톤으로 보아 굉장히 다급한 상황에 처해 있으며 도움을 바라는 것으로 추정.
          17분 후, 목소리가 끊긴 후 커다란 폭발음이 3번, 작은 폭발음이 2번 들림. 여러 비명 소리와 총소리 등이 한데 섞여서 들림.
          23 분 후, 소음이 지나가고 다시 정적.

          본 실험을 끝으로 우리는 해당 공간을 환상체로 정의내렸으며 다른 환상체들과 마찬가지로 일정시기 마다 직원들을 투입시키기로 했다. 3 명 이상의 직원을 투입시켜야 하며 대체로 일부분은 집단 분노를 느끼며 과도하게 공격성을 띠고 다른 동료들에게 공격을 개시하려는 특성을 보인다. 이를 목격한 직원의 묘사로는 마치 전쟁터 한복판에 온 것 같이 신경이 예민해졌고 실성한 것 같았다. 해당 증상을 보인 직원들은 모두 상담을 거절하였고 (인명 피해가 발생하지 않았기 때문에 강제 상담은 실행할 수 없었다) 대체 어떤 것이 직원들에게 ‘집단 분노’를 느끼게 한 것인지에 대해선 알 수 없었다. 

          }
        ]
    </record>




  </observe>
</crature>