<?xml version="1.0" encoding="utf-8" ?>
<creature>
  <!--
    info - 관찰 레벨과는 관련 없는 정보들 ex)데미지, id, 이미지 소스 등
    
    observe - 관찰 정도에 따라 제공되는 정보들
              각 정보들에는 정보가 제공되는 레벨을 표기
              ex) <desc id="1" openLevel="1">"openLevel이 1일 때 이 정보가 제공됨"</desc>
              
              observe 노드 안의 level 은 관찰 단계의 갯수를 나타냄
  -->
  <info
    id ="100007"

    script="MatchGirl"
    >

    <stat>
      <horrorProb>0.1</horrorProb>
      <horrorMin>2.0</horrorMin>
      <horrorMax>2.0</horrorMax>

      <physicsDmg>5.0</physicsDmg>
      <mentalDmg>0.0</mentalDmg>

      <feelingMax>200.0</feelingMax>
      <feelingDownValue>5.0</feelingDownValue>
      <energyPointChange>7</energyPointChange>

      <energyGenSection>
        <section bound="70" gen="0.1375"/>
        <section bound="120" gen="0.275"/>
        <section bound="200" gen="-0.2375"/>
      </energyGenSection>
    </stat>

    <feeling max="100" downProb="0.44" downValue="1">
      <section feelingValue="50" state="good" energy="0.5"/>
      <section feelingValue="30" state="normal" energy="0.3"/>
      <section feelingValue="0" state="bad" energy="-1.3"/>
    </feeling>

   <narration action="move">
      -> #0 designated to '1.76MHz' isolation sector.
    </narration>

    <narration action="start">
      -> [
      {There is ‘Nothing’  in the sector of 1.76mhz. But don’t forget that this sector is also one of the isolation sectors.},
      {Some employees that have entered the sector of ‘1.76MHz’ complain of nightmares or become delirious.},
      {Rumor has it that on the ground where the company was built, XX number of 000 war captives were caught.},
      {Please check whether you have unsafe belonging or not when entering that sector.}
      ]
    </narration>

    <narration action="mid1">
      -> [
      {#0 is feeling sense of incompatibility due to empty sector.},
      {The isolation sector of ‘1.76MHz’ was meant to be used as an employee lounge.},
      {The isolation sector of ‘1.76MHz’ is deserted. Even standard wallpaper can’t be found.},
      {Technically speaking, ‘1.76MHz’ is not a Abnormality, but more of specific phenomenon.}
      ]
    </narration>
    <narration action="mid2">
      -> [
      {#0 is feeling the isolation sector’s unique ominous coercion.  },
      {#0 can feel a slight sense of sadness and anger which fully fills up the sector at the same time.},
      {#0 is convinced that something smells fishy.}
      {#0 had a delusion of hearing people screaming from very far away.}
      ]
    </narration>
    <narration action="mid3">
      -> [
      {#0 is feeling a sense of unknown anger while working.},
      {#0 is caught by abnormal urge. }
      {#0 is hearing things and is complaining of severe headaches.}
      {#0 is losing concentration and is overwhelmed with anxiety.}
      ]
    </narration>
    <narration action="mid4">
      -> [
      {Work is done but #0 doesn’t seem to be well.},
      {Work is barely finished but #0 is not losing one’s tension.},
      {Work is almost over but #0’s appearance doesn’t look good.}
      {End of the work is near but #0 can’t help oneself from helplessness.}
         ]
    </narration>


     <narration action="death">
      -> [
      {#0 is attacked and killed by outraged #0, affected by ‘1.76MHz’. }
      {#0 is killed due to a sudden attack in the lower abdomen and excessive bleeding by #0 who is having mental aberration affected  by ‘1.76MHz’ }    
      ]
    </narration>

      <narration action="panic">
      -> [
      {#0 is shrieking horribly after being affected by ‘1.76 MHz}  
      {#0 is affected by ‘1.76MHz’ and is randomly shouting profanities while drooling.}
      ]
    </narration>


    <anim prefab="Unit/CreatureAnimator/MagicalGirlAnim" x="-1" y="-2"/>

    <!--<img src="Unit/creature/MatchGirl_01" x="-1" y="-1"/>-->
    <img src="Unit/dummy" x="-1" y="-1"/>
    <portrait src="Unit/creature/magicalGirl"/>
    <room src="Unit/creature/isolate_room"/>
    <frame src="Unit/creature/frame/MagicalGirl_frame"/>

    <graph>
      <node id="creature" x="-1.6" y="-1" type="creature"/>
      <node id="workspace" x="1.9" y="-1" type="workspace"/>

      <!--<node id="door"  x="2" y="-1" type="entry"/>-->
      <node id="outter" x="0" y="0" type="outterDoor"/>
      <node id="inner" x="2" y="-1" type="innerDoor"/>

      <!--<edge node1="workspace" node2="door" type="road" />-->
      <edge node1="workspace" node2="inner" type="road" />
      <edge node1="creature" node2="workspace" type="road" />
    </graph>
    <sound action="attack" src="creature/match_girl/matchgirl_attack"/>
    <sound action="enter" src="creature/match_girl/matchgirl_enter"/>
  </info>
  
  <observe level ="3">
    <collection>
      <codeNo openLevel ="0">O-06-27-T</codeNo>
      <portrait openLevel ="0"></portrait>
      
        <size openLevel ="0">
  5
  </size>

      <weight openLevel ="0">
0
  </weight>

      <name openLevel ="1">
1.76 MHz
</name>
      <attackType openLevel ="2">
White
</attackType>
        
      <creatureType openLevel ="1">
       Abstract
      </creatureType>

      <horrorLevel openLevel ="1">
       2
      </horrorLevel>

      <riskLevel openLevel ="1">
        TETH
      </riskLevel>

      <intelligence openLevel ="1">
        1
      </intelligence>

      <physical openLevel ="2">
        4
      </physical>

      <mental openLevel ="2">
        3
      </mental>

      <specialName openLevel ="3">
  23th April 1952 
  </specialName>

      <specialInfo openLevel ="3">
  Approximately half of the dispatched employees experience mental disorders, group anger and showed aggressive behavior toward anyone in close proximity after the encounter with the Abnormarlity.
  </specialInfo>

      <aggression openLevel ="1">
  4
  </aggression>

      <gorgeous openLevel ="1">
  2
  </gorgeous>
      
      <rejectWork openLevel ="4"></rejectWork>
      
      <preferWork openLevel ="5"></preferWork>
      <solution openLevel ="2">
0
 </solution>
    </collection>
    
    <desc id="1" openLevel="0">
    -> [
        {This creature is the only Abnormarlity without a visible shape or form.}
       ]
    </desc>

    <desc id="2" openLevel="1">
     -> [
        {This company recognized the presence of the Abnormarlity only when employees who were sent to an empty quarter(intended for a different creature), all showed the same strange symptoms.}
       ]
    </desc>

    <desc id="3" openLevel="2">
     -> [
        {Total of 8 employees showed these symptoms of visual and auditory hallucinations and experienced decreased mental levels. Considering that all employees had normal physiological levels previous to the event and that all of the employees’ description of the event matched up, it was decided that it was a believable testimony.}
       ]
    </desc>

    <desc id="4" openLevel="3">
     -> [
        {The company proceeded with various experiments for further investigation and only the ‘radio wave experiment’ resulted in any significant outcome.}
       ]
    </desc>



  

 <record openLevel="3">
     -> [
          {Excerpt from Experiment Log
          After setting the radio to 1.76MHz, the researcher monitored the situation. 
          12 minutes had passed when someone’s voice along with static noise was heard. It was an indistinguishable foreign language.
          Inferred from the tone, the voice most probably was in a desperate situation and was calling for help.
          17 minutes had passed when the voice was cut off and 3 loud explosive sounds and 2 smaller explosions were heard. Numerous cries and gunshot noises were mixed together. 
          23 minutes had passed when the noises passed and silence fell. 

          After this experiment, the creature was determined as an Abnormarlity, and was put on the schedule for regular monitoring through a dispatched employee. When 3 or more employees are sent in, in most cases, some of the employees experience anger and showed aggressive behavior toward anyone in close proximity. A witness described the spectacle as one that you might see in an insane and venerable place like a war-zone. All employees who have experienced these symptoms refused to be interviewed (mandatory interviews were impossible because there were no casualties) and there was no way to find out what made them display such feelings of ‘group anger’


          }
        ]
    </record>




  </observe>
</creature>