<?xml version="1.0" encoding="utf-8" ?>
<crature>
  <!--
    info - 관찰 레벨과는 관련 없는 정보들 ex)데미지, id, 이미지 소스 등
    
    observe - 관찰 정도에 따라 제공되는 정보들
              각 정보들에는 정보가 제공되는 레벨을 표기
              ex) <desc id="1" openLevel="1">"openLevel이 1일 때 이 정보가 제공됨"</desc>
              
              observe 노드 안의 level 은 관찰 단계의 갯수를 나타냄
  -->
  <info
    id ="100008"

    script="MatchGirl"
    >

    <stat>
      <horrorProb>0.1</horrorProb>
      <horrorMin>2.0</horrorMin>
      <horrorMax>2.0</horrorMax>

      <physicsDmg>0.0</physicsDmg>
      <mentalDmg>4.0</mentalDmg>

      <feelingMax>250.0</feelingMax>
      <feelingDownValue>3.4</feelingDownValue>

      <energyPointChange>-4</energyPointChange>

      <energyGenSection>
        <section bound="80" gen="0.2875"/>
        <section bound="140" gen="0.275"/>
        <section bound="180" gen="-0.2375"/>
      </energyGenSection>
    </stat>

    <feeling max="100" downProb="0.44" downValue="1">
      <section feelingValue="50" state="good" energy="0.5"/>
      <section feelingValue="30" state="normal" energy="0.3"/>
      <section feelingValue="0" state="bad" energy="-1.3"/>
    </feeling>

   <narration action="move">
      -> #0(이)가 작업을 시작하러 '큰 새'의 방에 들어갑니다
    </narration>

    <narration action="start">
      -> [
      {‘큰 새의 가장 특징은 온 몸에 박혀 있는 수십 개의 눈과 밝은 램프 입니다. },
      {사실 큰 새가 무엇을 위해 사람들을 죽이고 다녔던 건지 우리는 알지 못합니다.},
      {큰 새가 날지 못하다는 건 커다란 장점입니다. 만약 날 수 있었다면 직원들의 절반은 머리통이 남아나지 않았을 테니까요.},
      {커다란 새는 문득 생각했습니다. “내가 먼저 생물들을 죽인다면 괴수에게 죽는 생물은 없을거아냐!” 그리고 숲은 평화로워졌습니다.}
      ]
    </narration>

    <narration action="mid1">
      -> [
      {기분 나쁜 눈들이 끔뻑이는 소리와 램프가 타오르는 소리 만이 방을 가득 채웁니다.},
      {어두운 격리실에 큰 새의 노란 눈들과 램프만 별처럼 박혀 있습니다.},
      {큰 새의 수십 개의 눈동자들이 동시에 #0 을 향합니다.},
      {큰 새를 마주한 #0 이 움찔거리며 긴장하기 시작합니다.}
      ]
    </narration>
    <narration action="mid2">
      -> [
      {#0 의 뒤에선 검은 털복숭이의 새가 꾸르륵 하는 소리가 들립니다. },
      {간헐적으로 새가 우는 소리가 종종 들릴 뿐입니다.},
      {큰 새가 불안한 듯이 #0 의 뒤에서 울음소리를 토합니다.}
      {큰 새가 서성거리며 #0 의 주위를 배회하며 웁니다. }
      ]
    </narration>
    <narration action="mid3">
      -> [
      {눈을 마주치지 않기 위해 #0 은 고개를 돌립니다. 밝게 타오르는 램프가 보입니다.},
      {큰 새를 보지 않기 위해 고개를 돌린 #0 에게 눈이 부실 정도로 타오르는 램프가 보입니다.}
      {#0 의 눈에 큰 새가 들고 있는 램프가 보입니다.}
      {#0 이 큰 새를 마주 보지 않기로 결심한 건 좋은 선택이었습니다.}
      ]
    </narration>
    <narration action="mid4">
      -> [
      {커다란 새의 눈빛이 점점 붉어집니다.},
      {커다란 새가 위협적인 소리를 내며 다가옵니다.},
      {커다란 새가 이빨을 딱딱 거리는 소리를 내기 시작합니다.}
      {커다란 새가 #0 에게 걸어오기 시작합니다.}
         ]
    </narration>

    <narration action="death">
      -> [
      {#0 의 머리통이 격리소를 나뒹굴고 있습니다.}
      {#0 의 머리는 너무도 쉽게 뽑혔습니다.}
      {잡초를 뽑듯 큰 새는 #0 의 머리를 부리로 집은 채 그대로 잡아당깁니다.}
      ]
    </narration>

    <anim prefab="Unit/CreatureAnimator/MagicalGirlAnim" x="-1" y="-2"/>

    <!--<img src="Unit/creature/MatchGirl_01" x="-1" y="-1"/>-->
    <img src="Unit/dummy" x="-1" y="-1"/>
    <portrait src="Unit/creature/magicalGirl"/>
    <room src="Unit/creature/isolate_room"/>
    <frame src="Unit/creature/frame/MagicalGirl_frame"/>

    <graph>
      <node id="creature" x="-1.6" y="-1" type="creature"/>
      <node id="workspace" x="1.9" y="-1" type="workspace"/>

      <!--<node id="door"  x="2" y="-1" type="entry"/>-->
      <node id="outter" x="0" y="0" type="outterDoor"/>
      <node id="inner" x="2" y="-1" type="innerDoor"/>

      <!--<edge node1="workspace" node2="door" type="road" />-->
      <edge node1="workspace" node2="inner" type="road" />
      <edge node1="creature" node2="workspace" type="road" />
    </graph>
    <sound action="attack" src="creature/match_girl/matchgirl_attack"/>
    <sound action="enter" src="creature/match_girl/matchgirl_enter"/>
  </info>
  
  <observe level ="3">
    <collection>
      <codeNo openLevel ="0">O-02-40-H</codeNo>
      <portrait openLevel ="0"></portrait>
      <size openLevel ="0">
  4
  </size>

      <weight openLevel ="0">
  102kg
  </weight>

      <name openLevel ="1">
큰 새
</name>
      <attackType openLevel ="1">
Red
</attackType>
        
      <creatureType openLevel ="1">
        생물
      </creatureType>

      <horrorLevel openLevel ="1">
       2
      </horrorLevel>

      <riskLevel openLevel ="1">
        HE
      </riskLevel>

      <intelligence openLevel ="1">
        2
      </intelligence>

      <physical openLevel ="1">
        4
      </physical>

      <mental openLevel ="0">
        0
      </mental>

      <specialName openLevel ="0">
  0
  </specialName>

      <specialInfo openLevel ="0">
  0
  </specialInfo>

      <aggression openLevel ="1">
  2
  </aggression>

      <gorgeous openLevel ="1">
  3
  </gorgeous>
      
      <rejectWork openLevel ="4"></rejectWork>
      
      <preferWork openLevel ="5"></preferWork>
      <solution openLevel ="0">0</solution>
      
    </collection>
    
    <desc id="1" openLevel="0">
    -> [
        {어두운 숲을 영원히 꺼지지 않는 램프 하나를 들고 정찰하는 커다랗고 눈이 많은 새다.}
       ]
    </desc>

    <desc id="2" openLevel="1">
     -> [
        {어린아이든 노인이든 발견하면 빤히 쳐다보곤 머리를 물어버렸다. 보통의 새 형상과는 달리 날개는 존재하지 않으며 대신에 물건을 집을 수 있을 정도의 길다란 팔이 나 있다. 옆에 따라다니는 눈알 모양의 새가 하나 있다. }
       ]
    </desc>

  

 <record openLevel="1">
     -> [
          {커다란 새는 그 괴수로부터 생물들을 보호하기 위해 자신의 깃털을 모두 태워 심지를 만든 뒤 영원히 타오르는 램프를 만들었다.
          영원히 타오르는 램프를 들고 숲 속을 걸어다니면서 숲속으로 가지말라고 경고했다.
          커다란 새 덕분에 숲에서 괴수 때문에 죽는 생물의 수는 줄어들었다. 하지만 커다란 새는 여전히 괴수 때문에 죽는 희생자들이 마음에 걸렸다.
          커다란 새는 문득 생각했다 “내가 먼저 생물들을 죽인다면 괴수에게 죽는 생물은 없을거아냐!”
          그 후로 어두운 숲엔 머리를 물어 뜯어 죽인다는 괴수의 소문만이 퍼졌다.
          여담으로 빤히 지켜본뒤 물어뜯는건 현혹시키는 괴수가 아닌지 맞는지 확인하는 작업이라한다.
          [소재지 기록 말소] 지역 한 마을에서 얻은 이야기다. 현재 해당 마을에서 전해 내려오는 민담으로 가장 오래 산 마을 주민인 [이름 말소] 에게서 확보할 수 있었다. 마을 사람들은 숲에 아이들이 들어가는 것을 막기 위해 꾸며낸 이야기 일종이라고 여기는 증언이 있었으며 최초의 민담 계승자는 불명이다.


          }
        ]
    </record>



<record openLevel="1">
     -> [
        {그리고 민담은 거짓이 아니었다.
        “우리는 결국 그 숲 속에서 이 커다란 새를 찾을 수 있었어요. 그리고 곧바로 ‘사람들을 현혹시키는 괴수’ 에 대해 찾으려고 했죠. 우리는 정말 그 숲 속을 이 잡듯이 뒤졌어요. 존재하는 모든 생명체들을 낱낱이 파헤쳤죠. 한 달후, 결론이 났어요. 그 숲 속에는 ‘괴수’ 라는 건 없었죠. 그 큰 새를 제외하곤.”
          }
        ]
    </record>

    <record openLevel="2">
     -> [
        {"그 환상체는, 죽음이라는 인식에 대해 대단히 무지하다. 이 회사에 존재하는 환상체들은 대게 두 부류로 나눌 수 있는데 첫 째는 죽음 이라는 실체에 대하여 굉장히 훌륭하게 인식하고 있으며 직원에게 살의를 가지고 공격을 가하는 경우가 있는가 하면, 두 번 째로는 죽음이라는 개념에 대하여 알 고 있으나 악의적인 마음 없이 공격을 가하는 경우다. 이 환상체는 둘 중 어느 것에도 해당되지 않는다. 그 환상체에게 죽음 이라는 것은 그 자체로 하나의 구원이다. 숲 속에서 길을 잃은 소녀의 머리통을 뽑았다면, 그것은 환상체에게 있어서 살인을 한 것이 결코 아니다. 괴수로부터 소녀를 구해준 것 뿐이다. ”
        }
        ]
    </record>


    <record openLevel="3">
      ->[
        {“이 환상체가 눈을 뜨고 있는 동안은 실상 어떠한 작업도 불가능하다고 보면 될 거에요. 눈은 대상을 빤히 바라보죠. 계속해서 쳐다보고 있게 되면 ..(중략). 그래서 재우는 작업이 수반되어야 하는 거에요. 수십 개의 눈이 모두 잠드는 순간에서야 우리는 작업을 시작할 수 있죠.”}
        ]
    </record>
  
  </observe>
</crature>