﻿<?xml version="1.0" encoding="utf-8" ?>
<creature>
  <!--
    info - 관찰 레벨과는 관련 없는 정보들 ex)데미지, id, 이미지 소스 등
    
    observe - 관찰 정도에 따라 제공되는 정보들
              각 정보들에는 정보가 제공되는 레벨을 표기
              ex) <desc id="1" openLevel="1">"openLevel이 1일 때 이 정보가 제공됨"</desc>
              
              observe 노드 안의 level 은 관찰 단계의 갯수를 나타냄
  -->
  <info
    id ="100008"

    script="MatchGirl"
    >
    
    <stat>
      <horrorProb>0.1</horrorProb>
      <horrorMin>2.0</horrorMin>
      <horrorMax>2.0</horrorMax>

      <physicsDmg>0.0</physicsDmg>
      <mentalDmg>4.0</mentalDmg>

      <feelingMax>250.0</feelingMax>
      <feelingDownValue>3.4</feelingDownValue>

      <energyPointChange>-4</energyPointChange>

      <energyGenSection>
        <section bound="80" gen="0.2875"/>
        <section bound="140" gen="0.275"/>
        <section bound="180" gen="-0.2375"/>
      </energyGenSection>
    </stat>

    <feeling max="100" downProb="0.44" downValue="1">
      <section feelingValue="50" state="good" energy="0.5"/>
      <section feelingValue="30" state="normal" energy="0.3"/>
      <section feelingValue="0" state="bad" energy="-1.3"/>
    </feeling>

   <narration action="move">
      -> #0 designated to 'Big bird' isolation sector.
    </narration>

    <narration action="start">
      -> [
      {‘Big Bird’ ‘s biggest feature is numerous eyes stuck into the body and luminant lamp.},
      {In fact, we don’t know what ‘Big Bird’ is killing people for.},
      {The fact that ‘Big Bird’ can’t fly is a huge benefit.  If it could, half of the employees would have been headless.},
      {‘Big Bird’ suddenly thought “if I started to kill other creatures first, no other creatures will be killed by a monster. Then, the forest found peace.}
      ]
    </narration>

    <narration action="mid1">
      -> [
      {Ghastly sound of flickering eyes and lamp burning is  filling up the sector.},
      {‘Big Bird’ ‘s eyes and the lamp are lighting up the dark isolation sector like stars.},
      {Scores of ‘Big Bird’ ‘s eyes point at #0 all the sudden.},
      {#0 is shrinking up the body, starting to be strained.}
      ]
    </narration>
    <narration action="mid2">
      -> [
      {Back of #0, hairy black bird’s rumbling sound can be heard. },
      {Sporadic squeals of the bird can be heard.},
      {‘Big Bird’ is crying behind #0 as if it is feeling anxious.}
      {‘Big Bird’ is wandering around #0, crying.}
      ]
    </narration>
    <narration action="mid3">
      -> [
      {#0 is turning their head to not make eye contact. A burning lamp is visible.},
      {A dazzling bright lamp is in front of #0 who has turned their head to avoid seeing ‘Big Bird’.}
      {#0’s decision to not to face ‘Big Bird’ was very good choice.}
      ]
    </narration>
    <narration action="mid4">
      -> [
      {‘Big Bird’ ‘s eyes are becoming crimson.},
      {‘Big Bird’ is approaching while making threatening sounds.},
      {‘Big Bird’ is making sounds with its teeth.}
      {‘Big Bird’ is walking toward #0.}
         ]
    </narration>

    <narration action="death">
      -> [
      {#0’s head is rolling around the isolation sector.}
      {The head of #0 was easily pulled off..}
      {‘Big Bird’ pulled off #0’s head with its beak as if it was pulling out weeds.}
      ]
    </narration>

    <anim prefab="Unit/CreatureAnimator/MagicalGirlAnim" x="-1" y="-2"/>

    <!--<img src="Unit/creature/MatchGirl_01" x="-1" y="-1"/>-->
    <img src="Unit/dummy" x="-1" y="-1"/>
    <portrait src="Unit/creature/magicalGirl"/>
    <room src="Unit/creature/isolate_room"/>
    <frame src="Unit/creature/frame/MagicalGirl_frame"/>

    <graph>
      <node id="creature" x="-1.6" y="-1" type="creature"/>
      <node id="workspace" x="1.9" y="-1" type="workspace"/>

      <!--<node id="door"  x="2" y="-1" type="entry"/>-->
      <node id="outter" x="0" y="0" type="outterDoor"/>
      <node id="inner" x="2" y="-1" type="innerDoor"/>

      <!--<edge node1="workspace" node2="door" type="road" />-->
      <edge node1="workspace" node2="inner" type="road" />
      <edge node1="creature" node2="workspace" type="road" />
    </graph>
    <sound action="attack" src="creature/match_girl/matchgirl_attack"/>
    <sound action="enter" src="creature/match_girl/matchgirl_enter"/>
  </info>
  
  <observe level ="3">
    <collection>
      <codeNo openLevel ="0">O-02-40-H</codeNo>
      <portrait openLevel ="0"></portrait>
     
        <size openLevel ="0">
  4
  </size>

      <weight openLevel ="0">
  102kg
  </weight>

      <name openLevel ="1">
Big bird
</name>
      <attackType openLevel ="1">
Red
</attackType>
        
      <creatureType openLevel ="1">
       creature
      </creatureType>

      <horrorLevel openLevel ="1">
       2
      </horrorLevel>

      <riskLevel openLevel ="1">
        HE
      </riskLevel>

      <intelligence openLevel ="1">
        2
      </intelligence>

      <physical openLevel ="1">
        4
      </physical>

      <mental openLevel ="0">
        0
      </mental>

      <specialName openLevel ="0">
  0
  </specialName>

      <specialInfo openLevel ="0">
  0
  </specialInfo>

      <aggression openLevel ="1">
  2
  </aggression>

      <gorgeous openLevel ="1">
  3
  </gorgeous>
      
      <rejectWork openLevel ="4"></rejectWork>
      
      <preferWork openLevel ="5"></preferWork>
      <solution openLevel ="0">0 </solution>
      
    </collection>
    
    <desc id="1" openLevel="0">
    -> [
        {It is a bird with many eyes wandering dark forests with a lamp that never falls dark.}
       ]
    </desc>

    <desc id="2" openLevel="1">
     -> [
        {The creature will stare intently and then bite the head off of anyone -no matter how young or old- it encounters. Instead of wings like a regular bird, the creature has long arms with which it can pick stuff up. A small bird that looks likes an eyeball that always follows the creature around.}
       ]
    </desc>

  

 <record openLevel="1">
     -> [
          {There is a tale of a monster that lays in deep, dark, empty forests to lure in humans. 
          To protect all creatures from this large beast, Big Bird made a wick with all of its feathers. With that wick it made a lamp that would burn forever.
          With the eternally lit lamp, it wandered the forest warning the people not to go deep into the forest.
          Thanks to the Big Bird, the number of creatures that were attacked decreased. But still the Big Bird felt bad for the people who died in the hands of the beast. 
          Big Bird had a thought, “If I kill them first,  they wouldn’t be killed by the monster!”
          After that rumors flew around about a monster that would bite your head off. 
          It is said that the creature stares in order to make sure that you are not the monster. 
          This tale is from a town in [Location Redacted] area. It is an oldest folk tale from the town and it was told by the town’s oldest inhabitant [Redacted]. Though there is a general assumption that the tale was told to prevent kids from going into the forest, it is uncertain who started the tale. 
          }
        ]
    </record>



<record openLevel="1">
     -> [
        {The tale was not a lie.
        “We found the Big Bird in the forest after all. And afterwards we looked for the 'creature that lures in humans'. We looked in every nook and every corner. A month later we concluded, there was no such thing as a 'monster', other than that Big Bird. ”}
        ]
    </record>

    <record openLevel="2">
     -> [
        {“The Abnormarlity is very aware of death. The Abnormarlity in this company can be categorized into two. First, creatures that are very aware of death and will attack to kill. Second type of creatures are aware of the concept of death but does not have ill will in its attack. This Abnormarlity is neither. To this creature, death in itself is salvation. If the creature ripped the head off of a lost little girl in the forest, it did not commit murder. It saved the girl from a monster.”
        }
        ]
    </record>


    <record openLevel="3">
      ->[
        {“You can assume that no work will be done when the creature has its eyes opened. It stares intently. When it continues to stare …(Omitted). So we need to work on putting to sleep. When all the eyes fall asleep, we can start our work.”}
        ]
    </record>
  
  </observe>
</creature>