﻿<?xml version="1.0" encoding="UTF-8" ?>
<creature>
	<info id="10004"
		name="이름없는 태아"
		codeId="F-01-035-R"
		level="HE"
		stackLevel="3"
		attackType="WHITE / RED"
		intelligence="대화 불가"
		
		horrorProb="0.7"
		horrorDmg="-30"
		
		physicsProb="0.44"
		physicsDmg="1"
		
		mentalProb="0.44"
		mentalDmg="20"

		observeLevel="5"


		script="Fetus"
		>
		<feeling max="100" downProb="0.6" downValue="3.3">
			<section feelingValue="100" state="good" energy="2.3"/>
			<section feelingValue="40" state="normal" energy="0"/>
			<section feelingValue="0" state="bad" energy="-2.3"/>
		</feeling>
		
		<preferSkill type="direct" bonus="0.3"/>
		<rejectSkill type="block" bonus="-0.44"/>

		<typo action="enter_room" src="typo/01_matchGirl_out_typo" layout="center_bottom"/>

		<narration action="move">
			-> #0에게 #1 작업을 명령했네요.이름없는태아에게 작업을 하려는 시도는 가상해보이지만, 불행히도 이름없는태아는 이 작업을 그다지 좋아하는 것 같지않습니다.
		</narration>

		<narration action="start">
			-> [
			{#0(이)가 이름없는 태아가 있는 방으로 이동합니다. 이름없는 태아에 대한 기록이 다 채워지지 않았네요. 반응을 예상하기 힘듭니다.},
			{#0(이)가 이름없는 태아가 있는 방으로 이동합니다. 이름없는 태아에 대한 기록이 다 채워지지 않았네요. 반응을 예상하기 힘듭니다.},
			{#0(이)가 이름없는태아가있는방으로이동합니다. 이름없는태아에대한 도감이 대부분 완성된 상태이기 때문에 긍정적인결과가 나올 것으로 예상됩니다.},
			{#0(이)가 이름없는태아가있는방으로이동합니다. 이름없는태아에대한 도감이 대부분 완성된 상태이기 때문에 긍정적인결과가 나올 것으로 예상됩니다.}
			]
		</narration>

		<narration action="mid1">
			-> [
			{태아는 일반적인 또래 아기들처럼 칭얼거리거나 엄마 품을 찾으려 하지 않습니다.},
			{정체를 알 수 없는 점액질의 물질을 뒤덮은 태아는 다른 아기들처럼 따뜻한 담요에 몸을 감싼 채 행복한 꿈을 꾸지는 않습니다.},
			{태아 주위에는 탯줄과 닮아 있는 무언가가 어지럽게 방치되어 있습니다.명색이 ‘아기의 방’임에도 불구하고 칭얼대는 소리 없이 조용하기만 합니다.},
			{#0(이)가 들어왔음에도 태아는 다른 아기들과는 달리 아무런 반응을 보이지 않습니다.}
			]
		</narration>
		<narration action="mid2">
			-> [
			{그저 커다란 검은색 동공의 눈으로 허공의 어딘가를 바라봅니다.심지어 눈동자는 깜박이지도 않습니다.},
			{다른 아기들과 ‘태아’가 닮은 점이 있다면 종종 배고픈 듯이 엄지손가락(처럼 추정되는 신체기관)을 빨며 자신의 음산한 욕구를 드러내는 것입니다.},
			{.이따금씩 태아는 흔히 다른 아기들이 하는 ‘옹알이’를 하곤 합니다.그러나 그게 단순히 ‘옹알이’ 만은 아니라는 것을 모든 직원들은 알고 있을 것입니다.},
			{태아는 종종 다른 아기들이 칭얼대는 듯한 묘한 소리를 냅니다.안심하세요.아직까진 욕구가 끝까지 차오른 상태는 아니기 때문입니다.}
			]
		</narration>
		<narration action="mid3">
			-> [
			{작업도중 #0(이)가 ‘태아’ 를 돌아보며 흔히 아기들에게 해주듯이 리듬 섞인 의성어를 내뱉습니다.},
			{#0(이)가 하던 작업을 멈추고 ‘태아’가 신경 쓰이는지 가까스로 웃음을 지으며 태아에게 다가갑니다.},
			{#0(이)가 ‘태아’ 의 상태를 확인하기 위해 돌아보곤 합니다.다행히도 ‘태아’는 울음 없이 #0의 작업을 잘 견뎌냅니다.},
			{#0(은)는 ‘태아’가 걱정되는지 작업에 중간마다 확인을 반복합니다.무엇에 대해서 걱정하는 지도 모두가 알고 있을 것입니다.}
			]
		</narration>
		<narration action="mid4">
			-> [
			{태아는 입을 열어 조그맣게 입맛을 다십니다.까만 색 눈동자엔 본능적인 욕구가 은밀히 묻어납니다.},
			{태아는 눈을 감습니다.분명 잠을 위한 행위는 아닐 것입니다.태아가 원하는 것은 단 한 가지입니다.},
			{문득 태아가 고개를 돌려 작업을 거의 끝내놓고 있는 #0(을)를 바라봅니다.눈동자에 악의는 묻어 있지 않지만 분명히 ‘사람’을 바라보는 눈빛은 아닐 것입니다.},
			{태아는 허기짐을 느꼈는지 #0(을)를 문득 쳐다봅니다.태아의 태초적인 순수 악은 대상을 그대로 관통합니다.}
			]
		</narration>

		<narration action="finish">
			-> #1 작업이 성공적으로 끝난 것 같네요. 태아는 눈을 감고 조용히 있습니다.
		</narration>

		<narration action="special_ability1">
			-> [
			{이름없는태아가 조금 더 울음에 박차를 가하는군요.}
			]
		</narration>
		<narration action="special_ability2">
			-> [
			{#0의 정신이 무너졌고 더불어 태아의 기분도 악화되었습니다.}
			]
		</narration>
		<narration action="special_ability3">
			-> [
			{잘하셨습니다.}
			]
		</narration>

		<narration action="panic">
			-> [
			{태아의 계속되는 울음소리는 시설을 가득 뒤덮습니다.}
			]
		</narration>

		<narration action="dead">
			-> [
			{마지막까지 끔찍하게 울려대는 태아의 울음소리를 들으며 #0(이)가 바닥에 쓰러집니다.}
			]
		</narration>

		<desc>
			"채 태어나지도 않은 것 같은 아기의 형상을 하고 있다."
			"피부는 점액질 같은 끈적끈적한 액체로 뒤덮혀졌으며 실핏줄 같은 것이 보인다." "눈은 비정상적으로 커다랗며 튀어나와있다."
			"항상 무언가를 갈구하는 것 같지만 정확히 무엇을 원하는진 파악이 불가능하다."
			"‘먹이’에 대한 욕구가 굉장히 강하여 정기적으로 ‘먹이’를 넣어주지 않으면 스트레스가 빠른 속도로 상승한다."
			"스트레스가 일정 수치를 넘어가면 커다란 울음소리로 주위 사람들의 멘탈에 피해를 입힌다. "
		</desc>

		<observe>
			"한 번도 웃고 있는 걸 본적이 없어요. 언제나 무언가에 갈망해 있고, 그것은 우리들이 채워줄 순 없는거에요."
			"억누르고 있는 욕망이 강해서인지 한번 울면, 피해가 상당하죠. 제가 신입이었을 땐, 선배들이 이것이 먹는 ‘먹이’에 대해서 제대로 설명해주려 하지 않았어요."
			"저는 기껏해봐야, 뭐 우유나 아기들이 먹는, 그런건 줄 알았다고요."
			"겉으론 뭐, 조금 흉측해도 일단은 엄마의 품이 그리울 아기니까요."
			"전혀 아니었어요. 그것은 인육만을 먹어요. 믿어지세요?"
			"우린 그것의 울음소리를 막기 위해 일정한 주기로 제비뽑기를 해야해요. 그게 무엇을 뜻하는지 알겠어요?"
		</observe>

		<img src="Unit/creature/nameLessFetus" x="-1" y="-1"/>
		<room src="Unit/creature/isolate_room"/>
		<frame src="Unit/creature/nameLessFetus_Frame"/>
		
		<graph>
			<node id="creature" x="-1.6" y="-1" type="creature"/>
			<node id="workspace" x="-1.0" y="-1" type="workspace"/>
			<node id="door"  x="2" y="-1" type="entry"/>
			<edge node1="workspace" node2="door" type="road" />
			<edge node1="creature" node2="workspace" type="road" />
		</graph>

		<sound action="attack" src="creature/name_less_fetus/nameLessFetus_Ability_Normal"/>
		<sound action="enter" src="creature/name_less_fetus/nameLessFetus_Enter"/>
	</info>
</creature>