<?xml version="1.0" encoding="utf-8" ?>
<crature>
  <!--
    info - 관찰 레벨과는 관련 없는 정보들 ex)데미지, id, 이미지 소스 등
    
    observe - 관찰 정도에 따라 제공되는 정보들
              각 정보들에는 정보가 제공되는 레벨을 표기
              ex) <desc id="1" openLevel="1">"openLevel이 1일 때 이 정보가 제공됨"</desc>
              
              observe 노드 안의 level 은 관찰 단계의 갯수를 나타냄
  -->
  <info
    id ="100002"

    script="HappyTeddy"
    >
    
    <stat>
      <horrorProb>0.1</horrorProb>
      <horrorMin>2.0</horrorMin>
      <horrorMax>2.0</horrorMax>

      <physicsDmg>2.0</physicsDmg>
      <mentalDmg>0.0</mentalDmg>

      <feelingMax>140.0</feelingMax>
      <feelingDownValue>5.0</feelingDownValue>
      <energyPointChange>7</energyPointChange>

      <energyGenSection>
        <section bound="70" gen="0.1375"/>
        <section bound="120" gen="0.275"/>
        <section bound="200" gen="-0.2375"/>
      </energyGenSection>
    </stat>
    
    <feeling max="100" downProb="0.44" downValue="1">
      <section feelingValue="50" state="good" energy="0.5"/>
      <section feelingValue="30" state="normal" energy="0.3"/>
      <section feelingValue="0" state="bad" energy="-1.3"/>
    </feeling>

   <narration action="move">
      -> #0(이)가 작업을 시작하러 '행복한 테디'의 방에 들어갑니다
    </narration>

    <narration action="start">
      -> [
      {‘행복한 테디’ 는 누구나 어렸을 때 한번쯤 안고 잠에 들었을 것 같은 포근한 곰 인형 같기도 합니다.},
      {‘행복한 테디’ 는 어린아이들을 한 품에 꼭 안아주고 싶어했습니다. },
      {‘행복한 테디’ 는 포옹을 좋아합니다. 그의 기억은 따뜻한 포옹에서부터 시작되었습니다.},
      {행복하게 태어난 테디는 언제나 행복해야 합니다.}
      ]
    </narration>

    <narration action="mid1">
      -> [
      {행복한 테디는 우울한 듯 자신의 빠진 털들을 바라보며 생각에 잠긴 듯 미동도 없습니다.},
      {행복한 테디의 목에 걸려 있는 더러운 리본이 의미 없이 흔들립니다. 리본에 적혀 있던 이름은 이제 빛이 바래 아무 것도 보이지 않습니다.},
      {행복한 테디가 허공을 보듯이 미동이 없습니다. 그것은 허공이 아니라 어린 소녀의 사진이었습니다.},
      {행복한 테디의 왼쪽 얼굴에 박혀 있는 검은 플라스틱 눈알이 실에 매달려 조용히 달랑입니다.}
      ]
    </narration>
    <narration action="mid2">
      -> [
      {#0이 작업을 하느라 부산스러움에도 테디는 눈을 돌리지 않은 채 액자를 향해 시선을 고정합니다},
      {주변이 소란스러움에도 테디는 고개를 돌아보지도 않습니다.},
      {눈 앞의 액자만이 오로지 테디의 관심사인 듯 합니다.}
      { #0 의 작업은 테디의 관심을 끌 수 없었습니다 }
      ]
    </narration>
    <narration action="mid3">
      -> [
      {#0이 작업을 하던 도중 테디에게 다가가 헤진 리본을 정갈히 매어 줍니다.},
      {#0이 하던 일을 멈추고 테디가 하염없이 바라보는 액자를 닦아줍니다.}
      {#0이 작업을 겸사해 테디의 빠진 털들을 손질해줍니다. 반응은 없습니다.}
      {0이 테디의 삐져 나온 실밥을 정리해보기도 하지만 반응을 유도할 순 없었습니다.}
      ]
    </narration>
    <narration action="mid4">
      -> [
      {테디는 한 아이의 일곱 살 생일파티를 떠올립니다. 자신은 커다랗고 화려한 박스 안에 담겨 있었습니다.},
      {테디는 한 아이와 함께 했던 근사한 바캉스를 떠올립니다.그 때 자신의 이름은 ‘베어리’ 였습니다.},
      {테디는 아이와 함께 한 수많은 밤을 떠올립니다. 아이는 자신의 품에 안겨있었습니다.}
      {테디는 키가 훌쩍 자라버린, 한 때 아이 였던 그를 떠올립니다. 장롱 밑 어딘가에서 자신의 몸엔 곰팡이가 자라고 있었습니다.}
         ]
    </narration>

   <narration action="special_ability">
      -> [
      {행복한 테디가 팔을 뻗더니 도스토예프스키를 그대로 그의 넓은 품 속으로 끌어당깁니다. #0이 숨이 막히는지 콜록거리며 발버둥을 치고 있습니다.}
      ]
    </narration>

     <narration action="death">
      -> [
      {#0의 뼈들은 테디의 품 안에서 조금씩 으스러지기 시작합니다. 곳곳에 빠진 테디의 털에선 그리운 향기가 나는 듯 합니다.}
      {테디는 팔을 풀지 않은 채 #0을 계속 옭아맵니다. #0의 행동이 점점 느려집니다. 테디는 여전히 #0을 놓아주지 않습니다.}    
      ]
    </narration>

      <narration action="panic">
      -> [
      {#0은 설명할 수 없는 우울함에 사로잡혔습니다. 앞으로의 인생은 무의미 하며,자신은 보잘 것 없는 인간에 불과합니다.}   
      ]
    </narration>


    <anim prefab="Unit/CreatureAnimator/MagicalGirlAnim" x="-1" y="-2"/>

    <!--<img src="Unit/creature/MatchGirl_01" x="-1" y="-1"/>-->
    <img src="Unit/dummy" x="-1" y="-1"/>
    <portrait src="Unit/creature/magicalGirl"/>
    <room src="Unit/creature/isolate_room"/>
    <frame src="Unit/creature/frame/MagicalGirl_frame"/>

    <graph>
      <node id="creature" x="-1.6" y="-1" type="creature"/>
      <node id="workspace" x="1.9" y="-1" type="workspace"/>

      <!--<node id="door"  x="2" y="-1" type="entry"/>-->
      <node id="outter" x="0" y="0" type="outterDoor"/>
      <node id="inner" x="2" y="-1" type="innerDoor"/>

      <!--<edge node1="workspace" node2="door" type="road" />-->
      <edge node1="workspace" node2="inner" type="road" />
      <edge node1="creature" node2="workspace" type="road" />
    </graph>
    <sound action="attack" src="creature/match_girl/matchgirl_attack"/>
    <sound action="enter" src="creature/match_girl/matchgirl_enter"/>
  </info>
  
  <observe level ="2">
    <collection>
      <codeNo openLevel ="0">T-04-06-H </codeNo>
      <portrait openLevel ="0"></portrait>
     <size openLevel ="0">
  2
  </size>

      <weight openLevel ="0">
  850g
  </weight>

      <name openLevel ="1">
행복한 테디
</name>
      <attackType openLevel ="1">
Red
</attackType>
        
      <creatureType openLevel ="1">
       non creature
      </creatureType>

      <horrorLevel openLevel ="1">
       2
      </horrorLevel>

      <riskLevel openLevel ="1">
        HE
      </riskLevel>

      <intelligence openLevel ="1">
        1
      </intelligence>

      <physical openLevel ="1">
        4
      </physical>

      <mental openLevel ="0">
        0
      </mental>

      <specialName openLevel ="2">
  그리웠던 옛날의 포옹
  </specialName>

      <specialInfo openLevel ="2">
  스트레스가 일정 수치 올라간 상태에서 접근을 할 경우, 포옹을 하는 것 마냥 팔로 옭아매어 상대방을 질식시킨다. 환상체 본인 스스로 질식 시킨다는 개념을 이해하면서 하는 행위인지는 모른다. 두 명 이상의 직원이 투입 된 경우 공격을 방어할 수 있지만 혼자 투입될 경우 질식사로 사망할 가능성이 있다. 
  </specialInfo>

      <aggression openLevel ="2">
  2
  </aggression>

      <gorgeous openLevel ="1">
  3
  </gorgeous>
      
      <rejectWork openLevel ="4"></rejectWork>
      
      <preferWork openLevel ="5"></preferWork>
      <solution openLevel ="2">
       스트레스를 수치를 잘 확인하며 이야기를 해주거나 목욕을 시켜준다.  
     </solution>
    </collection>
    
    <desc id="1" openLevel="0">
    -> [
        {털이 군데 군데 빠지고 눈알 한 쪽이 없어진 커다란 곰 인형이다.}
       ]
    </desc>

    <desc id="2" openLevel="1">
     -> [
        {하지만 이 전에는 옛 주인에게 사랑을 많이 받은 듯 목 에는 낡은 리본이 걸려 있고 조그맣게 이름이 적혀 있다. 하지만 워낙 낡은 터라 알아보기는 힘들다.}
       ]
    </desc>

    <desc id="3" openLevel="2">
     -> [
        {자신도 버려졌다는 사실을 어느 정도 인지하는지 항상 축 쳐져 있는 모습이다. 포옹을 좋아하는 것 같다.}
       ]
    </desc>



  

 <record openLevel="2">
     -> [
          {상담 기록 32_356
          직원 M2434: “저는 야간 순찰을 돌고 있었어요. 행복한 테디 쪽은 유심히 살펴볼 필요가 딱히 없었어요. 평소에도 딱히 해는 끼치지 않았으니까. 그냥 확인만 하려고 돌아오려고 해서 살짝 격리소 안을 보았어요. 테디가 누군가를 꽉 껴안고 있었죠. 저는 한동안  테디의 담당이었던 [데이터말소] 가 늦게까지 남아서 작업을 하는 줄로만 알았어요. 테디는 포옹을 매우 좋아했거든요. 그런데 조금 이상했어요. 저는 [데이터말소] 에게 이제 그만 돌아가서 쉬는 게 어떻겠냐고 말을 하기로 마음을 먹었어요. 격리소에 들어가서 말을 걸었지만 [데이터말소]는 답이 없었어요. 곧바로 저는 비상버튼을 눌러서 사람들을 불러왔죠. [데이터말소]는 사망한 지 8시간이 지난 후였어요. 오전에 작업을 하러 들어가서 제가 발견할 때까지 줄곧 테디의 품에 안겨 있었던 거죠.” 
          }
        ]
    </record>




  </observe>
</crature>