﻿<?xml version="1.0" encoding="UTF-8" ?>
<creature>
	<info id="10003"
		codeId="F-01-035-R"
		stackLevel="3"
		intelligence="대화 불가"

		script="HappyTeddy"

		observeLevel="5"
		>
    
		<typo action="enter_room" src="typo/01_matchGirl_out_typo" layout="center_bottom"/>

		<narration action="move">
			-> #0(이)가 작업을 시작하기 위해 행복한 테디의 방에 들어갑니다

		</narration>

		<narration action="start">
			-> [
			{테디의 부드러운 털이 어쩌구 저쩌구 },
			{테디의 부드러운 털이 어쩌구 저쩌구.},
			{테디의 도감은 거의 다 채워졌습니다.테디의 스트레스 수치에 유의하면서 작업을 진행하도록 하세요.},
			{테디의 도감은 거의 다 채워졌습니다.테디의 스트레스 수치에 유의하면서 작업을 진행하도록 하세요.}
			]
		</narration>


		<narration action="mid1">
			-> [
			{행복한 테디는 우울한 듯 자신의 빠진 털들을 어루만지며 생각에 잠기고 있습니다.},
			{행복한 테디의 목에 걸려 있는 더러운 리본이 의미 없이 흔들립니다.리본에 적혀 있던 이름은 이제 빛이 바래 아무 것도 보이지 않습니다.},
			{행복한 테디가 허공을 보듯이 미동이 없습니다.그것은 허공이 아니라 어린 소녀의 사진이었습니다.},
			{행복한 테디의 왼쪽 얼굴에 박혀 있는 검은 플라스틱 눈알이 실에 매달려 조용히 달랑입니다.}
			]
		</narration>
		<narration action="mid2">
			-> [
			{#0(이)가 작업을 하느라 부산스러움에도 테디는 눈을 돌리지 않은 채 액자를 향해 시선을 고정합니다.},
			{주변이 소란스러움에도 테디는그 흔한 미동도 하지 않습니다.},
			{눈 앞의 액자만이 오로지 테디의 관심사인 듯 합니다.}
			]
		</narration>
		<narration action="mid3">
			-> [
			{#0(이)가 작업을 하던 도중 테디에게 다가가 헤진 리본을 정갈히 매어 줍니다.},
			{#0(이)가 하던 일을 멈추고 테디가 하염없이 바라보는 액자를 닦아줍니다.},
			{#0(이)가 작업 겸사 테디의 빠진 털들을 손질해줍니다. 반응은 없습니다.}
			]
		</narration>
		<narration action="mid4">
			-> [
			{테디는 한 소녀의 일곱살 생일파티를 떠올립니다.자신은 커다랗고 화려한 박스안에 담겨 있었습니다.},
			{테디는 한 소녀와 함께 했던 바캉스를 떠올립니다.그 때 자신의 이름은 ‘베어리’ 였습니다.},
			{테디는 소녀와 함께 한 수많은 밤을 떠올립니다.소녀는 자신의 품에 안겨있었습니다.},
			{테디는 키가 훌쩍 자라버린 한 때 소녀 였던 그녀를 떠올립니다.장롱 밑 어딘가에서 자신의 몸엔 곰팡이가 자라고 있었습니다.}
			]
		</narration>

		<narration action="finish">
			-> #1작업이 성공적으로 끝난 것 같네요. 행복한 테디는 고개를 끄덕입니다.
		</narration>
		<narration action="special_ability1">
			-> [
			{행복한 테디가 팔을 뻗더니 #0(을)를 그대로 그의 넓은품 속으로 끌어당깁니다.#0(은)는 숨이 막히는지 콜록거리며 발버둥을 치고 있습니다.}
			]
		</narration>

		<narration action="panic">
			-> [
			{#0의 눈엔 초점이 없습니다. 성냥의 불은 꺼진지 오래지만 #0의 정신도 같이 타 들어간 듯 #0는 아무런 명령도 듣지 않습니다.}
			]
		</narration>

		<narration action="dead">
			-> [
			{#0의 뼈들은 테디의 품 안에서 조금씩 으스러지기 시작합니다.곳곳에 빠진 테디의 털에선 그리운 향기가 나는 듯 합니다.},
			{테디는 팔을 풀지 않은 채 #0(을)를 계속 옭아맵니다.#0의 행동이 점점 느려집니다.테디는 여전히 #0(을)를 놓아주지 않습니다.}
			]
		</narration>

		<desc>
			"털이 빠지고 눈알 한 쪽이 빠진 커다란 곰인형이다*하지만 옛날엔 옛 주인에게 사랑을 많은 듯 목에는 낡은 리본이 걸려있고 조그맣게 이름도 적혀있지만 알아보기는 힘들다*자신도 버려졌다는 사실을 인지하는지 항상 축쳐져 있는 모습이며 포옹을 좋아하는 것 같다*"
		</desc>

		<observe>
			"왜냐하면 투명하기 때문이다."
		</observe>

		<img src="Unit/creature/happy_teddy_bear" x="-1" y="-1"/>
		<room src="Unit/creature/isolate_room"/>
		<frame src="Unit/creature/teddyBear_Frame"/>
		
		<graph>
			<node id="creature" x="-1.6" y="-1" type="creature"/>
			<node id="workspace" x="0.0" y="-1" type="workspace"/>

			<!--<node id="door"  x="2" y="-1" type="entry"/>-->
			<node id="outter" x="0" y="0" type="outterDoor"/>
			<node id="inner" x="2" y="-1" type="innerDoor"/>

			<!--<edge node1="workspace" node2="door" type="road" />-->
			<edge node1="workspace" node2="inner" type="road" />
			<edge node1="creature" node2="workspace" type="road" />
		</graph>

		<sound action="attack" src="creature/happy_teddy/happyTeddy_Ability_Normal"/>
		<sound action="enter" src="creature/happy_teddy/happyTeddy_Enter"/>
	</info>
</creature>