<?xml version="1.0" encoding="utf-8" ?>
<creature>
  <!--
    info - 관찰 레벨과는 관련 없는 정보들 ex)데미지, id, 이미지 소스 등
    
    observe - 관찰 정도에 따라 제공되는 정보들
              각 정보들에는 정보가 제공되는 레벨을 표기
              ex) <desc id="1" openLevel="1">"openLevel이 1일 때 이 정보가 제공됨"</desc>
              
              observe 노드 안의 level 은 관찰 단계의 갯수를 나타냄
  -->
  <info
    id ="100002"

    script="HappyTeddy"
    >

    <stat>
      <horrorProb>0.1</horrorProb>
      <horrorMin>2.0</horrorMin>
      <horrorMax>2.0</horrorMax>

      <physicsDmg>2.0</physicsDmg>
      <mentalDmg>0.0</mentalDmg>

      <feelingMax>140.0</feelingMax>
      <feelingDownValue>5.0</feelingDownValue>
      <energyPointChange>7</energyPointChange>

      <energyGenSection>
        <section bound="70" gen="0.1375"/>
        <section bound="120" gen="0.275"/>
        <section bound="200" gen="-0.2375"/>
      </energyGenSection>
    </stat>

    <feeling max="100" downProb="0.44" downValue="1">
      <section feelingValue="50" state="good" energy="0.5"/>
      <section feelingValue="30" state="normal" energy="0.3"/>
      <section feelingValue="0" state="bad" energy="-1.3"/>
    </feeling>

   <narration action="move">
      ->#0 designated to 'Happy Teddy' isolation sector.
    </narration>

    <narration action="start">
      -> [
      {‘Happy Teddy’ is a teddy bear that we all wanted to hug and sleep with when we were young.},
      {‘Happy Teddy’ wants to hug children tightly.},
      {‘Happy Teddy’ loves the hug. His memories starts from warm hug.},
      {Happily born ‘Happy Teddy’ must be happy all the time.}
      ]
    </narration>

    <narration action="mid1">
      -> [
      {‘Happy Teddy’ is depressingly staring at its own worn fur, lost in thought, not moving an inch.},
      {Tainted ribbon around the neck of lost in thought is meaninglessly swinging. Name that used to be written on the ribbon has faded and nothing is visible.},
      {‘Happy Teddy’ is staring at thin air, not moving an inch. It is actually staring at young girl’s picture, not thin air.},
      {Black plastic eye, sewn to the left face of ‘Happy Teddy’ is hanging on thread.}
      ]
    </narration>
    <narration action="mid2">
      -> [
      {Even though it is buzzy around as #0 is working, ‘Happy Teddy’ is staring at the frame, not even giving a glance to elsewhere.},
      {Even though it is noisy around, ‘Happy Teddy’ is not turning its head.},
      {The frame in front of ‘Happy Teddy’ is its only concern.}
      {#0’s work fails to draw attention of ‘Happy Teddy’.}
      ]
    </narration>
    <narration action="mid3">
      -> [
      {#0 ties the torn ribbon neatly during the work.},
      {#0 stops the work in between and cleanse of the frame that ‘Happy Teddy’ is staring at.}
      {#0 trimming the torn fur of ‘Happy Teddy’ during the work. No response.}
      {#0 is trimming thread of ‘Happy Teddy’, but still no responses.}
      ]
    </narration>
    <narration action="mid4">
      -> [
      {‘Happy Teddy’ recalls birthday party of 7 year old. Itself is packed in big and decorated box.},
      {‘Happy Teddy’ recalls great vacation with one kid. Its name was ‘Beary’ at the time.},
      {‘Happy Teddy’ recalls countless night with the kid. ‘Happy Teddy’ is holding the kid in.}
      {‘Happy Teddy’ recalls him, once kid, who have grown tall. Somewhere underneath a wardrobe, ‘Happy Teddy’ is all musty.}
         ]
    </narration>

   <narration action="special_ability">
      -> [
      {‘Happy Teddy’ draws its arms and drags Dostoevsky to its wide body. While coughing due to suffocation, #0 is struggling.}
      ]
    </narration>

     <narration action="death">
      -> [
      {In ‘Happy Teddy’ ‘s hug, #0 is gradually shattered. Longing scent emanates in several places where the fur of ‘Happy Teddy’ fall out. }
      {‘Happy Teddy’ is gradually binding #0, tying arms. Movement of #0 slows down. ‘Happy Teddy’ is still not letting #0 go.}    
      ]
    </narration>

      <narration action="panic">
      -> [
      {#0 is captivated by unexplainable depression. Rest of one’s life is meaningless and is just a mere worthless human being.}   
      ]
    </narration>


    <anim prefab="Unit/CreatureAnimator/MagicalGirlAnim" x="-1" y="-2"/>

    <!--<img src="Unit/creature/MatchGirl_01" x="-1" y="-1"/>-->
    <img src="Unit/dummy" x="-1" y="-1"/>
    <portrait src="Unit/creature/magicalGirl"/>
    <room src="Unit/creature/isolate_room"/>
    <frame src="Unit/creature/frame/MagicalGirl_frame"/>

    <graph>
      <node id="creature" x="-1.6" y="-1" type="creature"/>
      <node id="workspace" x="1.9" y="-1" type="workspace"/>

      <!--<node id="door"  x="2" y="-1" type="entry"/>-->
      <node id="outter" x="0" y="0" type="outterDoor"/>
      <node id="inner" x="2" y="-1" type="innerDoor"/>

      <!--<edge node1="workspace" node2="door" type="road" />-->
      <edge node1="workspace" node2="inner" type="road" />
      <edge node1="creature" node2="workspace" type="road" />
    </graph>
    <sound action="attack" src="creature/match_girl/matchgirl_attack"/>
    <sound action="enter" src="creature/match_girl/matchgirl_enter"/>
  </info>
  
  <observe level ="2">
    <collection>
      <codeNo openLevel ="0">T-04-06-H </codeNo>
      <portrait openLevel ="0"></portrait>
    <size openLevel ="0">
  2
  </size>

      <weight openLevel ="0">
  850g
  </weight>

      <name openLevel ="1">
Happy Teddy
</name>
      <attackType openLevel ="1">
Red
</attackType>
        
      <creatureType openLevel ="1">
       non creature
      </creatureType>

      <horrorLevel openLevel ="1">
       2
      </horrorLevel>

      <riskLevel openLevel ="1">
        HE
      </riskLevel>

      <intelligence openLevel ="1">
        1
      </intelligence>

      <physical openLevel ="1">
        4
      </physical>

      <mental openLevel ="0">
        0
      </mental>

      <specialName openLevel ="2">
  Old hugs that we missed
  </specialName>

      <specialInfo openLevel ="2">
  When stressed to a certain level, creature suffocates any approaching individual in a tight embrace. There is no way to determine if the Abnormarlity is aware of the deadliness of its actions. Two or more persons may defend against the creature but when faced alone, the creature may cause death.
  </specialInfo>

      <aggression openLevel ="2">
  2
  </aggression>

      <gorgeous openLevel ="1">
  3
  </gorgeous>
      
      <rejectWork openLevel ="4"></rejectWork>
      
      <preferWork openLevel ="5"></preferWork>
      <solution openLevel ="2">
Talk to it and give it a bath. Keep an eye on the stress levels. </solution>
    </collection>
    
    <desc id="1" openLevel="0">
    -> [
        {The teddy has shaggy fur and is missing one eye.}
       ]
    </desc>

    <desc id="2" openLevel="1">
     -> [
        {Around its neck it has a ribbon with what looks like a name written on it. Maybe from a loving old owner. It is too worn out to distinguish the name.}
       ]
    </desc>

    <desc id="3" openLevel="2">
     -> [
        {Creature’s shoulders are slouched as if it knows that it has been abandoned. It seems to like hugs.}
       ]
    </desc>



  

 <record openLevel="2">
     -> [
          {Interview Log 32_356
          Employee M2434: “I was on rounds for the night shift. Happy Teddy didn’t need much attention, it was usually harmless. I looked inside the containment facility, just to check. Teddy was embracing someone. For a while, I thought it was [Redacted]. [Redacted] was in charge of the Teddy so I thought he was staying late to take care of him. Teddy likes hugs, but something was off. I decided to ask [Redacted] whether he wanted to take off or not. I went into the area and called for [Redacted] but there was no answer. I pulled the emergency switch and called for help. Apparently, [Redacted] had been dead for 8 hours. [Redacted] had been in Teddy’s arm since morning, until night-time when I found him. 
          }
        ]
    </record>




  </observe>
</creature>