﻿<?xml version="1.0" encoding="utf-8" ?>
<crature>
  <!--
    info - 관찰 레벨과는 관련 없는 정보들 ex)데미지, id, 이미지 소스 등
    
    observe - 관찰 정도에 따라 제공되는 정보들
              각 정보들에는 정보가 제공되는 레벨을 표기
              ex) <desc id="1" openLevel="1">"openLevel이 1일 때 이 정보가 제공됨"</desc>
              
              observe 노드 안의 level 은 관찰 단계의 갯수를 나타냄
  -->
  <info
    id ="100004"

    script="MagicalGirl"
    >

    <stat>
      <horrorProb>0.0</horrorProb>
      <horrorMin>0.0</horrorMin>
      <horrorMax>0.0</horrorMax>
      <physicsDmg>0.0</physicsDmg>
      <mentalDmg>0.0</mentalDmg>
      <feelingMax>200.0</feelingMax>
      <feelingDownValue>3.8</feelingDownValue>
      <energyPointChange>-3</energyPointChange>
      <energyGenSection>
        <section bound="40" gen="0.375"/>
        <section bound="60" gen="0.2875"/>
        <section bound="80" gen="-0.0625"/>
        <section bound="100" gen="-0.1375"/>
      </energyGenSection>
    </stat>
    <feeling max="100" downProb="0.44" downValue="1">
      <section feelingValue="50" state="good" energy="0.5"/>
      <section feelingValue="30" state="normal" energy="0.3"/>
      <section feelingValue="0" state="bad" energy="-1.3"/>
    </feeling>

    <narration action="move">
      -> #0(이)가 작업을 시작하러 '마법 소녀'의 방에 들어갑니다
    </narration>

    <narration action="start">
      -> [
      {‘마법소녀’는 아마 모든 환상체들 중에 활발하고 쾌활한 성격을 지닌 소녀일 것입니다. 그러나 과연 그 뿐일지는 모르는 일입니다. },
      {‘마법소녀’는 아직까진 우리들에게 괜찮지만, 여전히 유의해야 할 것입니다.},
      {‘마법소녀’의 잠재적 위험성에 대해 대부분의 직원들은 다 알 것입니다. 경계를 게을리 하지 마세요.},
      {사실  ‘마법소녀’가 원하는 것은 ‘평화’가 아닙니다. }
      ]
    </narration>

    <narration action="mid1">
      -> [
      {‘마법소녀’ 는 기분 좋은 듯 창 밖을 바라보며 콧노래를 흥얼거립니다. },
      {‘마법소녀’ 는 밝은 미소로 방으로 들어온 #0(을)를 맞이합니다. },
      {‘마법소녀’ 는 #0에게 먼저 인사합니다. ‘오늘은 날씨가 정말 좋아요!’},
      {‘마법소녀’ 는 #0(을)를 눈에 띄게 반가워합니다. }
      ]
    </narration>

    <narration action="mid2">
      -> [
      {마법소녀가 #0에게 지난 번 악당과 3:1 로 싸워 이긴, 그녀의 영웅담을 이야기해주며 자랑스러워 하고 있습니다.  },
      {#0(이)가 ‘마법소녀’의 이야기를 듣고 있습니다. 벌써 여러 번도 더 해준 이야기지만 그녀는 계속해서 말하고 싶어합니다.},
      {#0(이)가 칭찬을 해주자 그녀가 기분 좋은 듯 웃습니다. }
      ]
    </narration>

    <narration action="mid3">
      -> [
      {그녀의 ‘마법구두’ 가 이따금씩 또각 거리며 유쾌한 소리를 냅니다. },
      {그녀의 목에 달린 ‘마법 보석’이 햇빛에 반짝이며 빛을 냅니다. },
      {그녀의 풍성한 마법복의 레이스가 풍성하게 흔들립니다. }
      ]
    </narration>

    <narration action="mid4">
      -> [
      {그녀는 #0에게 ‘사명감’에 대하여 이야기 합니다. 자신의 사명은 대단히 중요하고 비밀스러운 것이라고 속삭입니다. },
      {그녀는 #0에게 ‘정의’ 에 대하여 이야기 합니다. 자신이 하는 일 자체가 곧 정의라고 속삭입니다.  }
      ]
    </narration>

    <narration action="reverse1">
      -> [
      {‘마법소녀’는 울적한 목소리로 방에 들어온 #0에게 중얼거리지만 잘 들리지 않습니다.},
      {‘마법소녀’ 는 #0(이)가 방에 들어왔음에도 전과 달리 돌아보지는 않습니다. }
      ]
    </narration>

    <narration action="reverse2">
      -> [
      {#0(이)가 ‘마법소녀’의 상태를 확인 하기 위해 그녀에게 다가갑니다. ‘평화가 질려가고 있어요},
      {그녀가 또박 또박 중얼거립니다. ‘오늘은 날씨가 좋네요. 기쁘지는 않아요.’}
      ]
    </narration>

    <narration action="reverse3">
      -> [
      {그녀의 ‘마법구두’가 조용히 또각 거리며 침묵을 깨뜨립니다.},
      {그녀의 눈빛에는 초점이 없고 입가엔 평소엔 본 적 없던 음산한 미소가 지어집니다.  }
      ]
    </narration>

    <narration action="special_ability1">
      -> [
      {더 이상 마법소녀가 아니게 된 ‘마법소녀’는 #(0)에게 살의를 담긴 눈빛을 보입니다}
      ]
    </narration>

    <narration action="special_ability2">
      -> [
      {‘마법소녀’는 #0(이)가 마취주사를 놓는다는 걸 눈치채고 먼저 공격을 가했습니다.}
      ]
    </narration>

    <narration action="special_ability3">
      -> [
      {#0에게 마법적인 힘을 가했습니다. }
      ]
    </narration>
    
    <narration action="dead">
      -> [
      {‘마법소녀’는 쓰러진 #0(을)를 그대로 밟은 채 방을 빠져 나갑니다. 그녀는 다른 희생자들을 찾아 격리소 구석 구석을 헤맬 것입니다. },
      {숨이 끊어지기 직전에 #0(은)는 있는 힘을 다 짜내어 ‘마법소녀’ 에게 말을 걸어 보려 합니다. ‘마법소녀’는 아무 것도 들리지 않는 다는 듯 격리실의 문을 열었습니다.}
      ]
    </narration>

    <anim prefab="Unit/CreatureAnimator/MagicalGirlAnim" x="-1" y="-2"/>

    <!--<img src="Unit/creature/MatchGirl_01" x="-1" y="-1"/>-->
    <img src="Unit/dummy" x="-1" y="-1"/>
    <portrait src="Unit/creature/magicalGirl"/>
    <room src="Unit/creature/isolate_room"/>
    <frame src="Unit/creature/frame/MagicalGirl_frame"/>

    <graph>
      <node id="creature" x="-1.6" y="-1" type="creature"/>
      <node id="workspace" x="1.9" y="-1" type="workspace"/>

      <!--<node id="door"  x="2" y="-1" type="entry"/>-->
      <node id="outter" x="0" y="0" type="outterDoor"/>
      <node id="inner" x="2" y="-1" type="innerDoor"/>

      <!--<edge node1="workspace" node2="door" type="road" />-->
      <edge node1="workspace" node2="inner" type="road" />
      <edge node1="creature" node2="workspace" type="road" />
    </graph>

    <sound action="attack" src="creature/match_girl/matchgirl_attack"/>
    <sound action="enter" src="creature/match_girl/matchgirl_enter"/>
  </info>
  
  <observe level ="4">
    <collection>
      <codeNo openLevel ="0">0-01-04-H</codeNo>
      <portrait openLevel ="0"></portrait>
      <size openLevel ="0">
  3
  </size>

      <weight openLevel ="0">
  46kg
  </weight>

      <name openLevel ="1">
마법소녀
</name>
      <attackType openLevel ="1">
        Red
      </attackType>
        
      <creatureType openLevel ="1">
        생물형
      </creatureType>

      <horrorLevel openLevel ="1">
       0
      </horrorLevel>

      <riskLevel openLevel ="2">
        HE
      </riskLevel>

      <intelligence openLevel ="1">
        3
      </intelligence>

      <physical openLevel ="2">
        4
      </physical>

      <mental openLevel ="0">
        0
      </mental>

      <specialName openLevel ="3">
사랑과 증오의 이름으로
  </specialName>

      <specialInfo openLevel ="3">
 역변이 진행되었을 시 무차별적인 공격이 가해진다. 
  </specialInfo>

      <aggression openLevel ="3">
  2
  </aggression>

      <gorgeous openLevel ="3">
  4
  </gorgeous>
      
      <rejectWork openLevel ="4"></rejectWork>
      
      <preferWork openLevel ="5"></preferWork>
      <solution openLevel ="4">
        역변이 일어날 것 같은 조짐이 보인다면 마취약 등을 투여시켜 강제로 진정시켜야 한다. 
      </solution>
      
    </collection>
    <desc id="1" openLevel="0">
    -> [
        {당장이라도 정의와 평화를 위해 악당들을 무찌를 것 같은 분위기와 옷차림으로 구성된 여성이다.}
       ]
    </desc>

    <desc id="2" openLevel="1">
     -> [
        {기본적으로 모든 직원들에게 온순하고 친절한 모습을 보이며 일상적인 대화를 오가는 등의 행동이 가능하다. 평소에 자신이 세계를 구하기 위해 태어난 영웅이라고 믿고 있으며 이에 대한 자부심도 커 보인다.}
       ]
    </desc>

    <desc id="3" openLevel="2">
    -> [
        {직원들 과의 대화 중 ‘불안함’ 이나 ‘회의감’ 이 드러날 경우 최소 2일에서 4일 내에 외형과 성격이 역변하며 해리성 장애와도 유사한 행동을 띤다.} 
        ]
    </desc>

    <desc id="4" openLevel="3">
    -> [
        {선과 악에 대한 정의가 너무나 철저한 나머지, 악이 없다는 것에 대하여 커다란 공포와 회의를 느껴 스스로가 악이 되는 걸 선택한 것 같다는 추측이 있다.}
       ]
    </desc>

      <desc id="5" openLevel="4">
    -> [
        {‘역변’ 이 끝난 후에는 모든 수치들이 정상으로 돌아오며 본인은 그런 행위에 대해 전혀 기억을 하지 못한다. 굳이 상기를 시킬 필요는 없다.}
       ]
    </desc>


    <record openLevel="1">
     -> [
        {직원 M4032 : 그래서, 오늘은 기분이 어때?
        마법 소녀 : 좋아요. 세상은 평화롭고, 이 곳은 조용하네요. 평화롭다는 건 참 좋은 것이죠. 악당들이 없다는 뜻이잖아요. 안 그래요?}
        ]
    </record>

    <record openLevel="2">
    -1->[
         {직원 M4032 : 오늘은 좀 우울해 보이네. 
          마법 소녀 : 여전히 좋아요. 세상은 평화롭고, 이 곳은.. (더 이상 말을 하려 하지 않았다)
          (중략)
          직원 M4032 : 너 말이야, 괜찮은 거니?
          마법 소녀 : 왜 여전히 평화로운 걸까요? 제가 존재하는 이유는 말이죠, 악당들을 무찌르기 위한 것인데요. 이건 마치 제가, 필요없다는 것 같아요. 왜 계속 조용하기만 하죠? 아, 제가 마법 소녀 라는 말을 당신에게 했었나요? 세상을 평화롭게 지키기 위해 저는 선택받은 아이로 태어났죠. 오늘은 근데, 조용하네요. (이 후로 알아들을 수 없는 혼잣말을 계속 중얼거렸다)}
         ]
    </record>

    <record openLevel="3">
     -> [
          {(직원이 들어왔다는 것 조차 인지하지 못할 만큼 어딘가에 굉장히 불안해하고, 강박적인 증세를 보이며 혼잣말을 끝 없이 중얼거렸다)
          마법 소녀 : 세상은 선과 악 두 가지로 구분할 수 있어. 나는 정의의 편에 속해. 내가 선에 있다면 악 이라는 것도 있어야 해. 악당의 역할이 없다면 나도 없는 거야. 세상은 그럼 누가 지켜주지? 
         이러한 증상이 확인된 후 곧바로 3일치의 강력한 마취약이 투입되었다.}
        ]
    </record>

      <record openLevel="4">
     -> [
          { 녹취록 S3_4921
            [경고] 주의 3등급 이상의 관계자들만 열람 가능 
            이 자료는 [데이터말소] 날에 해당 환상체의 [데이터말소] 횟수의 폭주 중 얻은 녹취록 일부다. 해당 환상체는 격리소에 구비되어 있던 비상용 전화기를 사용하여 비상계획팀의 직원에게 전화를 걸었다. 
            마법 소녀 : (계속해서 흐느끼는 소리)
            직원 : 비상계획팀입니다. 신원을 말씀해주세요. 
            마법 소녀 : 내가, 내가.. 그런 것 같아요. 오, 나는, 나를 멈출 수가 없었어요. 만약 누군가가 죽었다면 그건 분명히 제 탓이에요. 내가 모든 걸 망쳤어요. 나에게 친절하게 대해준 그들에게 배신을 했어요. 내가 왜 그랬는지 기억이 나지 않아요. 
            직원 : 당신 주위에 어떤 일이 일어났나요?
            마법 소녀 : 모르겠어요. 그들이 움직이지 않아요. 피가 엄청 많이 흘러요. 죄송해요. 미안해요 정말. 그들에게 미안하다고 말하고 싶어요. 
            (중략)
            이후 해당 환상체의 격리소에서는 세 구에 시신이 발견되었다. 이들은 환상체의 역변을 예비하기 위해 투입된 직원들로 판명되었다. 이후 마법 소녀는 해당 사건에 대한 모든 기억을 잃었다. 
          }
        ]
    </record>
    
  </observe>
</crature>