﻿<?xml version="1.0" encoding="utf-8" ?>
<creature>
  <!--
    info - 관찰 레벨과는 관련 없는 정보들 ex)데미지, id, 이미지 소스 등
    
    observe - 관찰 정도에 따라 제공되는 정보들
              각 정보들에는 정보가 제공되는 레벨을 표기
              ex) <desc id="1" openLevel="1">"openLevel이 1일 때 이 정보가 제공됨"</desc>
              
              observe 노드 안의 level 은 관찰 단계의 갯수를 나타냄
  -->
  <info
    id ="100004"

    script="MagicalGirl"
    >

    <stat>
      <horrorProb>0.0</horrorProb>
      <horrorMin>0.0</horrorMin>
      <horrorMax>0.0</horrorMax>
      <physicsDmg>0.0</physicsDmg>
      <mentalDmg>0.0</mentalDmg>
      <feelingMax>200.0</feelingMax>
      <feelingDownValue>3.8</feelingDownValue>
      <energyPointChange>-3</energyPointChange>
      <energyGenSection>
        <section bound="40" gen="0.375"/>
        <section bound="60" gen="0.2875"/>
        <section bound="80" gen="-0.0625"/>
        <section bound="100" gen="-0.1375"/>
      </energyGenSection>
    </stat>

    <feeling max="100" downProb="0.44" downValue="1">
      <section feelingValue="50" state="good" energy="0.5"/>
      <section feelingValue="30" state="normal" energy="0.3"/>
      <section feelingValue="0" state="bad" energy="-1.3"/>
    </feeling>

    <narration action="move">
      -> #0 designated to 'Magical gifl' isolation sector.
    </narration>

    <narration action="start">
      -> [
     {‘Magical girl’ is one of most active and cheerful girls out of all the Abnormality . But that may not be all.},
      {‘Magical girl’ seems to be good to us until now, but caution is required.},
      {The potential threat of ‘Magical girl’ is well known throughout most employees. Stay cautious.},
      {In fact, ‘peace’ is not what ‘Magical girl’ desires.}
      ]
    </narration>

    <narration action="mid1">
      -> [
      {‘Magical girl’ is humming while looking out the window, looking well. },
      {‘Magical girl’ is welcoming #0 with a radiant smile who is just coming into the sector.},
      {‘Magical girl’ is saying greetings to #0. ‘It’s a nice day today!’},
      {‘Magical girl’ is evidently glad to see #0.}
      ]
    </narration>

    <narration action="mid2">
      -> [
      {‘Magical girl’ is proudly telling her stories of beating up 3 villains by herself to #0.},
      {#0 is listening to the story of ‘Magical girl’. Even though she mentioned several times already, she wants to talk about it more.},
      {‘Magical girl’ is talking about a villain who had been reformed virtuously by  herself. As #0 compliments, she laughs delightfully.}
      {‘Magical girl’ wants to talk more about how the world has become peaceful thanks to herself.}
      ]
    </narration>

    <narration action="mid3">
      -> [
      {Her ‘Magic shoes’ occasionally tap together and make cheerful sound.},
      {Her ‘Magic jewelry’ around her neck is glinting in the sunlight.},
      {The lace of her luxuriant magical outfit is swinging exuberantly.}
      {She bursts into laughter as she mumbles her transformation spell.}
      ]
    </narration>

    <narration action="mid4">
      -> [
     {She talks about ‘Duty’ to #0. She whispers that Her duty is very important and secretive.},
      {She talks about ‘Justice’ to #0. She whispers that her work itself is justice. }
      ]
    </narration>

    <narration action="reverse1">
      -> [
    {‘Magical girl’ is mumbling something inaudible with a melancholic voice to #0 who has just entered the sector.},
      {Unlike before, ‘Magical girl’ is not looking at #0 who has just entered the sector.}
      ]
    </narration>

    <narration action="reverse2">
      -> [
      {#0 is approaching ‘Magical girl’ to check on her status. ‘Peace is getting tired’},
      {She mumbles audibly. ‘Today’s weather is good. I am not happy.’}
      ]
    </narration>

    <narration action="reverse3">
      -> [
     {Her ‘Magic shoes’ tap quietly, breaking the silence.},
      {Her eyes are unfocused and an unusually dreary smile is formed.}
      ]
    </narration>

      <narration action="reverse4">
      -> [
      {Hair loosened, resentfully staring at #0, she mumbles inaudibly.},
      {Her eyes are full of hatred. Her ‘girl-like’ appearance is long gone.}
      ]
    </narration>


    <narration action="special_ability1">
      -> [
      {‘Magical girl’, who is not a magical girl anymore, is gazing at #0 with murderous intent.}
      ]
    </narration>

    <narration action="special_ability2">
      -> [
      {‘Magical girl’ figured out that #0 is giving an anesthetic and made the first strike.}
      ]
    </narration>

    <narration action="special_ability3">
      -> [
      {A sharp fang of ‘Magical girl’ misses and penetrates #0’s shoulder.}
      ]
    </narration>
    
    <narration action="dead">
      -> [
     {‘Magical girl’ steps over fallen #0 and gets out of the sector. She will now look for other victims everywhere around isolation sectors.},
      {Before breathing one’s last breath,  tries to talk to ‘Magical girl’ with all one’s might, but she closes the door of the sector as if she couldn’t hear anything.}
      ]
    </narration>

    <anim prefab="Unit/CreatureAnimator/MagicalGirlAnim" x="-1" y="-2"/>

    <!--<img src="Unit/creature/MatchGirl_01" x="-1" y="-1"/>-->
    <img src="Unit/dummy" x="-1" y="-1"/>
    <portrait src="Unit/creature/magicalGirl"/>
    <room src="Unit/creature/isolate_room"/>
    <frame src="Unit/creature/frame/MagicalGirl_frame"/>

    <graph>
      <node id="creature" x="-1.6" y="-1" type="creature"/>
      <node id="workspace" x="1.9" y="-1" type="workspace"/>

      <!--<node id="door"  x="2" y="-1" type="entry"/>-->
      <node id="outter" x="0" y="0" type="outterDoor"/>
      <node id="inner" x="2" y="-1" type="innerDoor"/>

      <!--<edge node1="workspace" node2="door" type="road" />-->
      <edge node1="workspace" node2="inner" type="road" />
      <edge node1="creature" node2="workspace" type="road" />
    </graph>

    <sound action="attack" src="creature/match_girl/matchgirl_attack"/>
    <sound action="enter" src="creature/match_girl/matchgirl_enter"/>
  </info>
  
  <observe level ="4">
    <collection>
      <codeNo openLevel ="0">0-01-04-H</codeNo>
      <portrait openLevel ="0"></portrait>
  
        <size openLevel ="0">
  3
  </size>

      <weight openLevel ="0">
  46kg
  </weight>

      <name openLevel ="1">
Magical girl
</name>
      <attackType openLevel ="1">
         Red
      </attackType>
       
      <creatureType openLevel ="1">
        creature
      </creatureType>

      <horrorLevel openLevel ="1">
       0
      </horrorLevel>

      <riskLevel openLevel ="2">
        HE
      </riskLevel>

      <intelligence openLevel ="1">
        3
      </intelligence>

      <physical openLevel ="2">
        4
      </physical>

      <mental openLevel ="2">
        0
      </mental>

      <specialName openLevel ="3">
  In the name of love and hate 
  </specialName>

      <specialInfo openLevel ="3">
  When enraged, attacks any and all targets.
  </specialInfo>

      <aggression openLevel ="3">
  2
  </aggression>

      <gorgeous openLevel ="3">
  4
  </gorgeous>
      
      <rejectWork openLevel ="4"></rejectWork>
      
      <preferWork openLevel ="5"></preferWork>
      <solution openLevel ="4">
        If there are signs of upcoming rage, anesthetic should be given to calm the subject .
      </solution>
      
    </collection>
    <desc id="1" openLevel="0">
    -> [
        {Creature has the appearance of a woman ready fight any villain for peace and justice.}
       ]
    </desc>

    <desc id="2" openLevel="1">
     -> [
        {Generally the creature is kind and polite to the staff and is able to converse casually. Creature continues to believe that it is a hero sent to save the world and is considerably proud of that fact.}
       ]
    </desc>

    <desc id="3" openLevel="2">
    -> [
        {When the creature is faced with 'Anxiety' or 'Skepticism', within 2-4 days its outer persona changes and creature displays symptoms of dissociative disorder.} 
        ]
    </desc>

    <desc id="4" openLevel="3">
    -> [
        {Its definition of good and evil is fixed in its mind. Some assume that, when the creature’s beliefs led to the horrible doubt about the existence of evil, it chose to become ‘evil’ to negate that doubt.}
       ]
    </desc>

      <desc id="5" openLevel="4">
    -> [
        {After ‘enraged’ behavior passes, it does not remember its own behavior. There is no need to remind the creature of past events.}
       ]
    </desc>


    <record openLevel="1">
     -> [
        {Employee M4032 : so, how are you doing today?
        Magical girl : Great. It’s quiet in here and the world is peaceful. Peace is a great thing. No more villains. Right?}
        ]
    </record>

    <record openLevel="2">
    ->[
         {(Omitted)
          Employee M4032 : You look a bit blue today. 
          Magical girl: Still great. World is peaceful, in here it’s… (Creature fell silent)
          (Omitted)
          Employee M4032 : Hey, are you alright?
          Magical girl: Why is it still so peaceful? I live to defeat evil villains. The world doesn’t need me at all, does it? Oh, did I tell you I’m a witch? I was chosen to bring peace in to the world. But today, it’s already quiet. (Creature continued to murmur incomprehensible words by itself)}
         ]
    </record>

    <record openLevel="3">
     -> [
          {(The creature showed signs of anxiety and compulsive behavior; it didn’t even notice when the Employee came into the room)
         Magical girl : The world in divided into good and evil. I stand with justice. If I am good, there must be evil too. Without evils, I cannot exist. Who would save the world then?
         After these symptoms where displayed she was sedated with enough anesthetic to last 3 days.}
        ]
    </record>

      <record openLevel="4">
     -> [
          { Interview Log S3_4921
            [Warning] Personnel clearance must be Level 3 or higher to read this document
            This recording is from the date of [Redacted], incident number [Redacted].  The Abnomality used the confinement facility’s emergency phone to call a staff member in the Emergency Response Department.
            Magical girl: (Continued sobbing noises)
            Employee : Emergency Response Department. Identification, please.  
            Magical girl : I.. I did it. Oh, I, I couldn’t stop myself. If someone died, the blood’s on my hands. I ruined everything. I betrayed those people who were so kind to me. I don’t remember … 
            Employee : What happened?
            Magical girl : I don’t know. They aren’t moving. There is so much blood. I’m sorry. I just want to say, sorry. 
            (Omitted) 
            Three corpses were found in the Illutionite’s containment quarters. The discovered bodies were of the employees assigned to prevent incidents. Afterwards, the Little Witch lost recollection of the entire incident. 
          }
        ]
    </record>
    
  </observe>
</creature>