<?xml version="1.0" encoding="utf-8" ?>
<crature>
  <!--
    info - 관찰 레벨과는 관련 없는 정보들 ex)데미지, id, 이미지 소스 등
    
    observe - 관찰 정도에 따라 제공되는 정보들
              각 정보들에는 정보가 제공되는 레벨을 표기
              ex) <desc id="1" openLevel="1">"openLevel이 1일 때 이 정보가 제공됨"</desc>
              
              observe 노드 안의 level 은 관찰 단계의 갯수를 나타냄
  -->
  <info
    id ="100001"

    script="MatchGirl"
    >
    
    <stat>
      <horrorProb>0.1</horrorProb>
      <horrorMin>2.0</horrorMin>
      <horrorMax>2.0</horrorMax>
      <physicsDmg>1.0</physicsDmg>
      <mentalDmg>3.5</mentalDmg>
      <feelingMax>300.0</feelingMax>
      <feelingDownValue>7.3</feelingDownValue>
      <energyPointChange>-3</energyPointChange>
      <energyGenSection>
        <section bound="120" gen="0.2"/>
        <section bound="200" gen="0.1375"/>
      </energyGenSection>
    </stat>
    
    <feeling max="100" downProb="0.44" downValue="1">
      <section feelingValue="50" state="good" energy="0.5"/>
      <section feelingValue="30" state="normal" energy="0.3"/>
      <section feelingValue="0" state="bad" energy="-1.3"/>
    </feeling>

   <narration action="move">
      -> #0(이)가 작업을 시작하러 '불 타버린 소녀'의 방에 들어갑니다
    </narration>

    <narration action="start">
      -> [
      {불 타버린 소녀에 대한 관찰 기록은 채워지지 않았기 때문에 무슨 일이 일어날진 장담 할 순 없다는 걸 알아야 합니다.},
      {불 타버린 소녀의 대한 도감은 거의 완성된 상태이기 때문에 조금만 주의를 요한다면 성공적으로 작업이 완수될 수 있을 것으로 예상됩니다.},
      ]
    </narration>

    <narration action="mid1">
      -> [
      {그것은 #0의 눈치를 보며 구석으로 숨어버립니다.},
      {#0의 반응을 살피던 소녀는 이내 벽 뒤로 물러섭니다.},
      {그것은 구석에 자리를 잡은 뒤 #0이 하는 일을 물끄러미 관찰합니다.},
      {그것은 낯선 이에 겁을 먹었는지, 구석진 곳으로 향합니다.}
      ]
    </narration>
    <narration action="mid2">
      -> [
      {구석에서 소녀는 혼잣말을 하며 가만히 서 있습니다.},
      {소녀의 몸을 관통한 성냥불 만이 맹렬하게 타들어 가고 있습니다.},
      {불꽃이 활활 타오르는 성냥과는 달리 소녀는 변화 없는 채로 격리실에 서 있습니다.}
      {소녀의 몸을 꿰뚫은 성냥은 꺼질 줄 모르지만 소녀는 아무런 변화도 없습니다.}
      ]
    </narration>
    <narration action="mid3">
      -> [
      {#0 은 남은 성냥의 길이를 유심히 살펴봅니다.},
      {성냥이 거의 다 타들어 간다는 것은 여러모로 위험한 징조입니다. #0 은 긴장을 한 채로 성냥팔이 소녀를 지켜보고 있습니다.}
      {다행히도 성냥은 아직 심지가 조금 남아 있습니다. 만약 성냥이 끝까지 다 타버린다면..}
      {성냥재들이 주위로 후두둑 떨어집니다. 성냥의 심지는 절반 정도 남아있는 듯 합니다.}
      ]
    </narration>
    <narration action="mid4">
      -> [
      {불꽃이 약하게 일렁이며 #0의 작업이 끝났습니다.},
      {불꽃 속엔 아무도 없지만 소녀의 눈동자엔 누군가가 비추듯이 일렁거립니다.},
      {불꽃 속엔 아무도, 아무 것도 없습니다.}
      {타버린 성냥만이 재에 타서 소녀의 주위에 바스라집니다.}
         ]
    </narration>

       <narration action="special_ability_1">
      -> [
      {성냥의 심지는 이제 아주 조금밖에 남아있지 않습니다.}
      ]
    </narration>

           <narration action="special_ability_2">
      -> [
      {#0 이 이를 눈치채고 무언가의 행동을 해보려고 했지만 너무 늦었습니다.}
      ]
    </narration>
    
          <narration action="special_ability_3">
      -> [
      {성냥이 전부 타버리고 소녀가 웃습니다.}
      ]
    </narration>
    
        <narration action="special_ability_4">
      -> [
      {폭발음이 일어난 후 격리소에서는 바스러진 #0 의 몸 일부분만 발견될 것입니다.}
      ]
    </narration>
    



     <narration action="death">
      -> [
      {주변에는 그을음을 내며 타 들어가는 불꽃들이 타닥입니다}
      {#0의 마지막 호흡만큼은 행복했습니다.}    
      ]
    </narration>
     <!-- 차례때로 나와야 합니다 ^^ -->


      <narration action="panic">
      -> [
      {#0 눈엔 초점이 없습니다. 성냥의 불은 꺼진지 오래지만 #0의 정신도 같이 타 들어간 듯 아무런 명령도 듣지 않습니다.}  
      {#0의 얼굴이 잔뜩 일그러지더니 알아듣지 못할 소리를 지껄이며 방을 빠져나옵니다. 아무도 #0에게 말을 걸지 못합니다.}
      ]
    </narration>


    <anim prefab="Unit/CreatureAnimator/MagicalGirlAnim" x="-1" y="-2"/>

    <!--<img src="Unit/creature/MatchGirl_01" x="-1" y="-1"/>-->
    <img src="Unit/dummy" x="-1" y="-1"/>
    <portrait src="Unit/creature/magicalGirl"/>
    <room src="Unit/creature/isolate_room"/>
    <frame src="Unit/creature/frame/MagicalGirl_frame"/>

    <graph>
      <node id="creature" x="-1.6" y="-1" type="creature"/>
      <node id="workspace" x="1.9" y="-1" type="workspace"/>

      <!--<node id="door"  x="2" y="-1" type="entry"/>-->
      <node id="outter" x="0" y="0" type="outterDoor"/>
      <node id="inner" x="2" y="-1" type="innerDoor"/>

      <!--<edge node1="workspace" node2="door" type="road" />-->
      <edge node1="workspace" node2="inner" type="road" />
      <edge node1="creature" node2="workspace" type="road" />
    </graph>

    <sound action="attack" src="creature/match_girl/matchgirl_attack"/>
    <sound action="enter" src="creature/match_girl/matchgirl_enter"/>
  </info>
  
  <observe level ="1">
    <collection>
      <codeNo openLevel ="0">F-01-02-T</codeNo>
      <portrait openLevel ="0"></portrait>
      
        <size openLevel ="0">
  3
  </size>

      <weight openLevel ="0">
  21kg
  </weight>

      <name openLevel ="1">
불에 타버린 소녀
</name>
      <attackType openLevel ="1">
White, Red
</attackType>
        
      <creatureType openLevel ="1">
       creature
      </creatureType>

      <horrorLevel openLevel ="1">
       2
      </horrorLevel>

      <riskLevel openLevel ="1">
        TETH
      </riskLevel>

      <intelligence openLevel ="1">
        1
      </intelligence>

      <physical openLevel ="1">
        4
      </physical>

      <mental openLevel ="1">
        2
      </mental>

      <specialName openLevel ="1">
  왜 내 이야기만 해피엔딩이 아닌거죠?
  </specialName>

      <specialInfo openLevel ="1">
  상태가 좋지 않을 시 가끔  격리소가 폭발한다. 해당 격리소에 들어가 있던 직원은 사망한다.
  </specialInfo>

      <aggression openLevel ="1">
  2
  </aggression>

      <gorgeous openLevel ="1">
  3
  </gorgeous>
      
      <rejectWork openLevel ="4"></rejectWork>
      
      <preferWork openLevel ="5"></preferWork>
      <solution openLevel ="0">
0
 </solution>
    </collection>
    
    <desc id="1" openLevel="0">
    -> [
        {까맣게 타버린 잿더미의 모습을 하고 있다. 자세히 보면 단순하게 잿더미가 아니라 인간 상의 형태를 띠고 있음을 알 수 있다.}
       ]
    </desc>

    <desc id="2" openLevel="1">
     -> [
        {어떤 여유에서인지 말뚝 마냥 성냥이 몸을 관통하고 있다. 평상시 성냥은 항상 불에 타 있는 반면, 성냥에 박혀 있는 잿더미의 형태는 특별한 활동을 보이지 않는다. 이런 이유로 종종 직원들은 성냥이 본체고 잿더미의 형태는 껍데기의 일종이 아니냐는 소리를 하는 한다. 최근, 잿더미의 형태가 우는 모습을 목격했다는 증언이 나왔다. }
       ]
    </desc>


  

 <record openLevel="1">
     -> [
          {환상체 전문 박사 [데이터말소] 의 연구 일부 발췌
          “까맣게 타버린 몸은 그 아이의 부서진 희망, 그럼에도 여전히 타오르는 촛불은 애정을 갈구하는 집착이라고 볼 수 있습니다. 그녀는 언제나 이 두 가지의 모순에서 갈등하고 있습니다. 따라서 겉 모습만 보고 섣불리 ‘이야기 하기 ‘ 작업 이라던가를 시도하려고 해서는 안 될 것입니다.”
          “시발, 비싼 돈을 주고 데려왔더니 기껏 한 다는 소리가 ‘이야기 작업을 하면 안 될 것 같습니다’ 야?”

          }
        ]
    </record>

     <record openLevel="1">
     -> [
          {직원들의 이야기
          “그녀는 언제 터질지 모르는 시한폭탄 같아. 기분이 좋은지 안 좋은지 여간해선 겉으로 티가 나지 않거든. 언젠간 터지는 걸 감안하고 작업을 계속 해보는 거지. 그녀가 기분이 나아질 일은 없을거야. 더 이상 나쁘게 하지 않는 방법만 있을 뿐.”

          }
        ]
    </record>




  </observe>
</crature>