﻿<?xml version="1.0" encoding="utf-8" ?>
<crature>
  <!--
    info - 관찰 레벨과는 관련 없는 정보들 ex)데미지, id, 이미지 소스 등
    
    observe - 관찰 정도에 따라 제공되는 정보들
              각 정보들에는 정보가 제공되는 레벨을 표기
              ex) <desc id="1" openLevel="1">"openLevel이 1일 때 이 정보가 제공됨"</desc>
              
              observe 노드 안의 level 은 관찰 단계의 갯수를 나타냄
  -->
  <info
    id ="100005"

    script="NullCreature"
    >
    
    <stat>
      <horrorProb>0.1</horrorProb>
      <horrorMin>2.0</horrorMin>
      <horrorMax>2.0</horrorMax>

      <physicsDmg>5.0</physicsDmg>
      <mentalDmg>25.0</mentalDmg>

      <feelingMax>150.0</feelingMax>
      <feelingDownValue>4.0</feelingDownValue>
      <energyPointChange>4</energyPointChange>

      <energyGenSection>
        <section bound="25" gen="0.4375"/>
        <section bound="45" gen="0.3125"/>
        <section bound="75" gen="-0.15"/>
        <section bound="105" gen="-0.225"/>
        <section bound="120" gen="-0.275"/>
      </energyGenSection>
    </stat>

    <feeling max="100" downProb="0.44" downValue="1">
      <section feelingValue="50" state="good" energy="0.5"/>
      <section feelingValue="30" state="normal" energy="0.3"/>
      <section feelingValue="0" state="bad" energy="-1.3"/>
    </feeling>


   <narration action="move">
      -> #0(이)가 작업을 시작하러 '아무 것도 없는'의 방에 들어갑니다
    </narration>

    <narration action="start">
      -> [
      {(아무 것도 없는) 은 겉 보기엔 사람의 형상을 하고 있습니다. 하지만 눈치 빠른 직원들은 그 속에서 위화감을 느낄 것입니다.},
      {(아무 것도 없는) 은 보통의 환상체들 과는 조금 다릅니다. 가장 커다란 차이점은 (아무것도 없는)은 그것은 실체라는 게 없다는 점입니다.},
      {아무 것도 없는) 에겐 ‘스트레스’ 라는 개념이 존재하지 않습니다. 그것은 그저 ‘존재합니다’.},
      {‘껍데기’ 와 ‘껍질’ 의 차이를 아십니까?}
      ]
    </narration>

    <narration action="mid1">
      -> [
      {(아무 것도 없는) 은 의미 없이 이빨을 갈아대며 #0(을)를 주시하고 있습니다. },
      {(아무 것도 없는) 의 갈비뼈로 추정되는 뼛조각이 바스락 거리며 소리를 냅니다.  },
      {(아무 것도 없는) 의 그 껍데기의 꺾인 목이 부자연스럽게 뚝뚝 거리며 #0(을)를 주시합니다.},
      {(아무 것도 없는) 의 입으로 추정되는 기관에서 한 때는 사람의 신체기관 일부였을 장기가 가끔씩 흘러나옵니다.}
      ]
    </narration>

    <narration action="mid2">
      -> [
      {#0(은)는 환상체에서부터 나온 형체를 알 수 없는 분비물들을 밟지 않으려 조심스럽게 걷습니다.},
      {환상체는 지금은 #0에겐 전혀 위협적인 행동을 하지 않고 있습니다. 그럼에도 #0(은)는 온 몸을 떨어댑니다.},
      {#0(은)는 환상체가 당장 자신을 공격하지 않을 사실을 알고 있습니다만, 이 격리소에 있는 사실 자체에 극도의 두려움을 느끼고 있습니다. }
      ]
    </narration>

    <narration action="mid3">
      -> [
      {작업을 하던 #0(은)는 (아무 것도 없는) 에서부터 문득, 낯익은 인상을 발견합니다. },
      {#0(은)는 (아무 것도 없는) 에서 어떤 것을 발견합니다. }
      ]
    </narration>

    <narration action="mid4">
      -> [
      {‘이유미’ 는 #0의 선배였습니다. 말을 섞어 본적 없었지만, 그들은 분명 좋은 동료가 됐을 지도 모릅니다.},
      {#0(은)는 ‘이유미’ 라는 선배 직원의 프로필을 본 적이 있습니다. 그가 ‘이유미’를 기억할 수 있었던 건 얼굴의 검은 반점이 꽤 인상적이었기 때문입니다.}
      ]
    </narration>

    <narration action="special_ability1">
      -> [
      {‘아무 것도 없는’ 은 #0(을)를 입습니다. }
      ]
    </narration>

    <narration action="special_ability2">
      -> [
      {입는 과정 중에 #0의 뼈 몇 마디들이 바닥을 나뒹굽니다.}
      ]
    </narration>

    <narration action="special_ability3">
      -> [
      {이젠 #0(이)가 된 ‘아무 것도 없는’ 이 걸을 때마다 완전히 자리잡히지 않은 뼈들이 우두둑 하는 소리를 냅니다.  }
      ]
    </narration>


    <narration action="panic">
      -> [
      {#0(은)는 더 이상 (아무 것도 없는) 을 마주보지 못합니다. 그에게 (아무 것도 없는 것) 은 아무 것도 없는 것이 아니므로 아무 것도 될 수 없고 이제 아무 것도 없는 것은 아무 것도 없는게 아니게 되며….},
      {(아무 것도 없는) 에서 #0(은)는 감당하지 못할 공포와 역겨움을 느낍니다. (아무 것도 없는) 에서부터 나오는 태생적인 혐오감이 전신을 파고 듭니다.}
      ]
    </narration>


    <narration action="dead">
      -> [
      {이제 #0(은)는 (아무 것도 없는)의 새로운 껍데기가 될 것입니다. (아무 것도 없는)이 곧 벗을 ‘허물’ 처럼 자신도 언젠간 정상적으로 장례를 치러지게 될 수 있겠죠. },
      {#0(은)는 곧 (아무 것도 없는) 의 껍데기가 됩니다. 모든 직원들은 그를 기억할 것입니다. 기억하고 싶지 않아도, 어쩔 수 없이 기억될 것입니다. }
      ]
    </narration>



    <anim prefab="Unit/CreatureAnimator/MagicalGirlAnim" x="-1" y="-2"/>

    <!--<img src="Unit/creature/MatchGirl_01" x="-1" y="-1"/>-->
    <img src="Unit/dummy" x="-1" y="-1"/>
    <portrait src="Unit/creature/magicalGirl"/>
    <room src="Unit/creature/isolate_room"/>
    <frame src="Unit/creature/frame/MagicalGirl_frame"/>

    <graph>
      <node id="creature" x="-1.6" y="-1" type="creature"/>
      <node id="workspace" x="1.9" y="-1" type="workspace"/>

      <!--<node id="door"  x="2" y="-1" type="entry"/>-->
      <node id="outter" x="0" y="0" type="outterDoor"/>
      <node id="inner" x="2" y="-1" type="innerDoor"/>

      <!--<edge node1="workspace" node2="door" type="road" />-->
      <edge node1="workspace" node2="inner" type="road" />
      <edge node1="creature" node2="workspace" type="road" />
    </graph>

    <sound action="attack" src="creature/onebad_good/oneBad_special_sry"/>
    <sound action="enter" src="creature/onebad_good/oneBad_enter"/>
  </info>
  
  <observe level ="4">
    <collection>
      <codeNo openLevel ="0">O-06-20-A</codeNo>
      <portrait openLevel ="0"></portrait>
        <size openLevel ="0">
  4
  </size>

      <weight openLevel ="0">
  152kg (탄력적)
  </weight>

      <name openLevel ="1">
아무 것도 없는
</name>
      <attackType openLevel ="1">
Blue
</attackType>
        
      <creatureType openLevel ="1">
       creature
      </creatureType>

      <horrorLevel openLevel ="1">
       4
      </horrorLevel>

      <riskLevel openLevel ="1">
        ALEPH
      </riskLevel>

      <intelligence openLevel ="1">
        2
      </intelligence>

      <physical openLevel ="1">
        4
      </physical>

      <mental openLevel ="2">
        4
      </mental>

      <specialName openLevel ="2">
  Take off your clothes
  </specialName>

      <specialInfo openLevel ="2">
  사람의 껍데기, 이를테면 육체를 뜯어내서 덮어 입는다. 
  </specialInfo>

      <aggression openLevel ="2">
  2
  </aggression>

      <gorgeous openLevel ="4">
  1
  </gorgeous>
      
      <rejectWork openLevel ="4"></rejectWork>
      
      <preferWork openLevel ="5"></preferWork>
      <solution openLevel ="2">
      그것의 껍데기를 갈아 줄 누군가의 희생이 정기적으로 필요하다. 굳이 자발적일 필요는 없다. </solution>
    </collection>
    
    <desc id="1" openLevel="0">
    -> [
        {스트레스 수치가 없다. 인간의 형상 같은 모습을 띠고 있지만 인간이 아닌 건 확실하다.}
       ]
    </desc>

    <desc id="2" openLevel="1">
     -> [
        {일정한 주기로 직원을 잡아 먹고 그 껍데기를 써서 살아간다. 골격이나 장기가 그 과정 중에 제대로 자리 잡지 못 해 기괴한 형상을 띤다.}
       ]
    </desc>

    <desc id="3" openLevel="2">
    -> [
        {자발적으로 직원들이 몸을 내줘야 한다는 점에서 '인신공양' 과는 차이점을 보인다. 혀는 있지만 말하는 법을 몰라서 의미 없는 소리만 질러댈 수 있다. 대체 안에 무엇이 있는지 모르지만 껍데기가 쉽게 녹아버리고 망가지기 때문에 꾸준히 바꿔줘야 한다.} 
        ]
    </desc>

    <desc id="4" openLevel="3">
    -> [
        {‘겉 껍데기가 80% 이상 망가졌을 시' 종종 탈출을 시도한다.}
       ]
    </desc>

      <desc id="5" openLevel="4">
    -> [
        {일반적인 감각을 느끼지 못해서 뼈가 부서지는 것에 연연해 하지 않아 작은 틈 사이로 빠져 나오거나 육체의 일부를 잘라내 버리는 방식으로 탈출을 하는 것 같다.}
       ]
    </desc>


    <record openLevel="1">
     -> [
        {상담 기록 #4-593 일부 발췌
        직원 F4055 : s우리들 중에 미쳐 버린 사람이 나온다면 8할은 틀림 없이 그것 때문이에요. 여기 있는 모든 환상체들이 그렇지만, 도통 존재의 이유를 알 수 없는 생물이에요. 안에 무엇이 있길래 자꾸만 인간의 껍데기까지 쓰면서 감추려고 하는지, 그리고 한 번 껍데기를 벗겨내면 좀 오랫동안 관리할 것이지, 어이 없을 정도로 쉽게 망가지더군요. (중략)}
        ]
    </record>

    <record openLevel="2">
    -1->[
         {그것이 우리를 먹을 때의 광경은 말로 할 수 없을 만큼 끔찍해요 떠올리려는 시도만 해도 미쳐버릴 정도죠. 아무튼, 껍데기의 상태를 파악하려고 그 것의 방으로 가는 것도 엄청난 고역이에요. 몇 일전까지 같이 웃고 떠들었던 동료가 저 방에서 목이 꺾이고 내장이 반쯤 보이는 채로 네 발 걸으며 침을 질질 흘리고 있다고 생각해 봐요. (중략) }
         ]
    </record>

    <record openLevel="3">
     -> [
        {그 놈의 행짓은 이것 만이 아니에요. 신입이었을 무렵에, 아무도 그 방에 가려고 하는 사람이 없길래 어쩔 수 없이 제가 투입된 적이 있었어요. 지금보다 더 심했는데, 온갖 것들이 다 비틀어져 있는 사람의 모습이었죠. 끔찍한 건, 그것이 사람의 행세를 하려 하더라고요. 거울을 보거나 혼잣말로 무언가를 웅얼거린다거나, 골격을 제대로 맞추려 하거나 하는 행동들이 ‘우리’ 를 모방하려 한다는 느낌이 들었어요. 혹시 또 모르죠. 언젠간 우리 근처에서 인간 행세를 하며 태연히 돌아다니고 있을지.
        }
        ]
    </record>

      <record openLevel="4">
     -> [
          { [주의] 3등급 이상의 직원들만 열람 가능
          (이 녹취록은 격리소에 설치 되어 있는 비상전화를 통해 들려왔다. 해당 전화기는 격리소 내에서 위급한 상황이 벌어졌을 때 외부에 신속히 상황을 전달할 수 있도록 HE 이상의 환상체들이 있는 격리소에만 특수 설치되었다)

          직원 번호 M3120 : 응답 바란다, 응답 바란다. 여기는 ‘아무 것도 없는’ 의 격리소다.
          비상계획팀 : 여기는 비상계획팀, 신호 받았습니다. 무슨 일이시죠?
          직원 M3120: 지금 당장 마취총을 가지고 와줘야 할 것 같다. 대단히 위급한 상황이다.
          비상계획팀 : 정확히 어떤 상황인지 설명해주실 수 있겠습니까?
          직원 M3120: 환상체가 (소음, 무언가 부러지는 소리로 추정) 직원 한 명을 찢고 있다. 
          비상계획팀 : 뭐라고요?
          직원 M3120: 그것이 내 동료를 죽이고 있다고!
          직원 M3120: 지금 바로 출동 명령을 내리겠습니다. 공격을 당하고 있는 직원의 신분을 말씀해주세요.
          직원 M3120: 그러니까, 어, M2658, 아니M2685의 [이름 말소] 다. 나는 M3120의 [이름 말소] 다. 
          비상계획팀 : [이름 말소] 와 [이름 말소]. 신분 확인 되었습니다. 지금 동료에게 어떤 일이 벌어지고 있습니까?
          직원 M3120 : 그러니까, 제발, 그냥 서둘러 주길 바란다. 우린 이것을 제압할 수 있는 무기가 필요하다. 정말 이건 (소음: M2658의 비명인 걸로 추정) 오 맙소사..
          비상계획팀 : 어떤 일이 벌어지고 있습니까?
          직원 M3120 : 환상체 하나가 내 동료를 죽이고 있다. 정확히 말하면 내, 동료를 찢고 있는 상태다. 그리고 나는 아무 행동도 할 수가 없다. 반복한다. 제압할 수 있는 무기가 필요하다. 
          비상계획팀 : 지금 비상계획팀 직원들이 신속하게 그 곳으로 출동하고 있는 상황입니다.
          (중략)
          비상계획팀 : [이름 말소] 씨, 지금은 어떤 상태죠? 여전히 그것이 당신의 동료를 공격하고 있습니까?
          직원 M3120: 그렇다, 아, 아닌 것 같다.. 상황이 멈췄다.
          비상계획팀 : 그것이 당신 동료에게 공격적인 행위를 중단하였습니까?
          직원 M3120 : 아니다. 내 동료는.. 그는 죽었다. 반복한다. 그는 사망했다.
          비상계획팀 : 어떻게 확신하는 거죠?
          직원 M3120 : 왜냐하면, 그가.. 그의 모습이..
          비상계획팀 : 그것에게 찢김을 당했나요? 정확히 어떤 부분이 손상되었죠?
          직원 M3120 : 전부가.

        ]

    </record>
    
  </observe>
</crature>