﻿<?xml version="1.0" encoding="utf-8" ?>
<crature>
  <!--
    info - 관찰 레벨과는 관련 없는 정보들 ex)데미지, id, 이미지 소스 등
    
    observe - 관찰 정도에 따라 제공되는 정보들
              각 정보들에는 정보가 제공되는 레벨을 표기
              ex) <desc id="1" openLevel="1">"openLevel이 1일 때 이 정보가 제공됨"</desc>
              
              observe 노드 안의 level 은 관찰 단계의 갯수를 나타냄
  -->
  <info
    id ="100009"

    script="OneBadManyGood"
    >
    
    <stat>
      <horrorProb>0.1</horrorProb>
      <horrorMin>2.0</horrorMin>
      <horrorMax>2.0</horrorMax>
      <physicsDmg>0</physicsDmg>
      <mentalDmg>0</mentalDmg>
      <feelingMax>400.0</feelingMax>
      <feelingDownValue>3.3</feelingDownValue>
      <energyPointChange>8</energyPointChange>
      <energyGenSection>
        <section bound="150" gen="0.0875"/>
        <section bound="300" gen="0.015"/>
      </energyGenSection>
    </stat>
    
    <feeling max="100" downProb="0.44" downValue="1">
      <section feelingValue="50" state="good" energy="0.5"/>
      <section feelingValue="30" state="normal" energy="0.3"/>
      <section feelingValue="0" state="bad" energy="-1.3"/>
    </feeling>

   <narration action="move">
      -> #0(이)가 작업을 시작하러 '단 한번의 악과 수백가지의 선행'의 방에 들어갑니다
    </narration>

    <narration action="start">
      -> [
      {‘단 한번의 악과 수백가지의 선행’ 의 방에 들어가는 것에 대하여 #0(은)는 두려움을 느낍니다. 그것에 대해 아는 것이 아무 것도 없기 때문입니다. },
      {‘단 한번의 악과 수백가지의 선행’ 은 상황에 따라선 직원들에게 긍정적인 효과를 줄 수도 있습니다. },
      {‘단 한번의 악과 수백가지의 선행’ 에겐 ‘정직’한 직원을 보내야 한다는 건 이제 알고 있겠죠. },
      {‘단 한번의 악과 수백가지의 선행’ 은 당신을 꿰뚫어 볼 것입니다.}
      ]
    </narration>

    <narration action="mid1">
      -> [
      {‘단 한번의 악과 수백가지의 선행’ 이 사람들의 죄를 기다리고 있습니다.},
      {#0의 죄들은 ‘단 한번의 악과 수백가지의 선행’ 에게 곧 도달할 것입니다.},
      {‘단 한번의 악과 수백 가지의 선행’ 은 이따금씩 이빨을 맞부딪히며 위협적일 소리를 냅니다.},
      {‘단 한번의 악과 수백 가지의 선행’은 공중에 부유하며 느리게 움직입니다.}
      ]
    </narration>
    <narration action="mid2">
      -> [
      {‘단 한번의 악과 수백 가지의 선행’ 의 눈은 텅 비어있습니다. 그러나 #0(이)가 방에 들어왔다는 사실은 분명히 인지할 것입니다.},
      {‘단 한번의 악과 수백 가지의 선행’은 당신들의 단죄자 입니다.},
      {‘단 한번의 악과 수백 가지의 선행’ 에게서 #0(은)는 경건한 느낌을 받습니다.}
      ]
    </narration>
    <narration action="mid3">
      -> [
      {#0(은)는 명령 받은 작업을 끝마쳤지만 ‘단 한번의 악과 수백 가지의 선행’ 은 반응이 없습니다.},
      {#0(이)가 작업을 진행하는 동안 ‘단 한번의 악과 수백 가지의 선행’ 은 일말의 반응도 없었습니다.}
      {#0의 작업에 대해서 ‘단 한번의 악과 수백 가지의 선행은 아무런 반응도 보이지 않습니다.}
      ]
    </narration>
    <narration action="mid4">
      -> [
      {죽음 뒤에 있는 것은 거미뿐 입니다.},
      {고통을 짊어지러 간다는 것만으로도 죄의 반은 가져가는 것일 겁니다.},
      {자신을 가장 교묘히 속일 수 있는 인간 만이 가장 유쾌하게 살 수 있을 것입니다.}
      {본질적인 목적만 정당하다면 한 번 정도의 악행은 허용될 수 있지 않을까요?}
      ]
    </narration>

  
    <narration action="special_ability1">
      -> [
      {#0(이)가 ‘단 한번의 악과 수백 가지의 선행’ 에게 무단결근을 한 것에 대해서 고해했습니다.}
      {#0(이)가 ‘단 한번의 악과 수백 가지의 선행’ 에게 부모님께 거짓말을 한 사실을 고백했습니다.},
      {#0(이)가 ‘단 한번의 악과 수백 가지의 선행’ 에게 친구를 질투한 일에 대하여 털어놓았습니다.},
      {#0(이)가 ‘단 한번의 악과 수백 가지의 선행’ 에게 ‘작년 7월의 그 사건’ 에 대하여 고백하였습니다.}
      ]
    </narration>
    <narration action="special_ability2">
      -> [
      {정말, 벌이 내리기 시작했습니다.}
      ]
    </narration>
    <narration action="special_ability3">
      -> [
      {평생 지워지지 않을 자책이 #0에게는 최대의 벌일 것입니다.}
      ]
    </narration>

    <narration action="panic">
      -> [
      {#0의 모든 생각은 죽어버렸습니다. 나갈 곳 없는 괴로움과 불안이 그를 짓눌러옵니다.}
      ]
    </narration>

    <anim prefab="Unit/CreatureAnimator/MagicalGirlAnim" x="-1" y="-2"/>

    <!--<img src="Unit/creature/MatchGirl_01" x="-1" y="-1"/>-->
    <img src="Unit/dummy" x="-1" y="-1"/>
    <portrait src="Unit/creature/magicalGirl"/>
    <room src="Unit/creature/isolate_room"/>
    <frame src="Unit/creature/frame/MagicalGirl_frame"/>

    <graph>
      <node id="creature" x="-1.6" y="-1" type="creature"/>
      <node id="workspace" x="1.9" y="-1" type="workspace"/>

      <!--<node id="door"  x="2" y="-1" type="entry"/>-->
      <node id="outter" x="0" y="0" type="outterDoor"/>
      <node id="inner" x="2" y="-1" type="innerDoor"/>

      <!--<edge node1="workspace" node2="door" type="road" />-->
      <edge node1="workspace" node2="inner" type="road" />
      <edge node1="creature" node2="workspace" type="road" />
    </graph>

    <sound action="attack" src="creature/onebad_good/oneBad_special_sry"/>
    <sound action="enter" src="creature/onebad_good/oneBad_enter"/>
  </info>
  
  <observe level ="3">
    <collection>
      <codeNo openLevel ="0">O-03-03-Z</codeNo>
      <portrait openLevel ="0"></portrait>
      <size openLevel ="0">
  4
  </size>

      <weight openLevel ="0">
  0
  </weight>

      <name openLevel ="1">
단 한번의 악과 수백 가지의 선행
</name>
      <attackType openLevel ="2">
        White
      </attackType>
        
      <creatureType openLevel ="1">
        Abstract
      </creatureType>

      <horrorLevel openLevel ="1">
       2
      </horrorLevel>

      <riskLevel openLevel ="1">
        ZAYIN
      </riskLevel>

      <intelligence openLevel ="2">
        4
      </intelligence>

      <physical openLevel ="0">
        0
      </physical>

      <mental openLevel ="3">
        5
      </mental>

      <specialName openLevel ="2">
  죄를 잊으면 벌은 떨어져 내린다
  </specialName>

      <specialInfo openLevel ="2">
  직원들이 먹이를 줄 시 스트레스를 2 감소시켜 준다. "죄책감" 의 특성을 지닌 직원들을 투입시키면 해당 디버프가 사라지는 효과를 볼 수 있다.
  </specialInfo>

      <aggression openLevel ="2">
  1
  </aggression>

      <gorgeous openLevel ="1">
  5
  </gorgeous>
      
      <rejectWork openLevel ="4"></rejectWork>
      
      <preferWork openLevel ="5"></preferWork>
      <solution openLevel ="3">
거짓말쟁이 특성을 지닌 직원들을 투입시키지 말도록 하자. 
</solution>
      
    </collection>
    
    <desc id="1" openLevel="0">
    -> [
        {십자가에 거대한 두개골이 가시나무 왕관으로 같이 묶여져 있는 모습이다. 공중에서 약 1m 정도 띠워져 있다.}
       ]
    </desc>

    <desc id="2" openLevel="1">
     -> [
        {기괴한 외형을 띈 반면에, 먼저 공격하는 경우는 거의 없다. 가끔 이빨을 딱딱 거리는 소리를 내긴 하지만 굳이 신경 쓸 필요는 없다. 보다 느린 속도로 스트레스가 증가하기 때문에 다른 환상체들에 비해 신경을 덜 써도 무방하다. 수치가 높아 졌다 싶으면 ‘먹이’ 를 줘야 하는데 일반적으로 우리가 생각하는 먹을 거리를 생각해서는 안 된다.}
       ]
    </desc>

    <desc id="3" openLevel="2">
    -> [
        {그것은 사람의 대화를 통해 드러날 수 있는 ‘악’ 을 먹는다. 투입 된 직원은 앞에 앉아서 (일어서도 되는 것 같다) 자신이 행한 ‘악’ 에 대해 고해를 해야 한다. 어떤 식으로 그것을 섭취하는 진 알 수 없지만 일단 스트레스가 낮아지는 것을 확인할 수 있다.} 
        ]
    </desc>

    <desc id="4" openLevel="3">
    -> [
        {사실이 아닌 것에 대해 고해를 하였을 경우 무슨 일이 일어날 지는 모른다.}  
        ]
    </desc>

 <record openLevel="1">
     -> [
          {(실험기록 x2-321)
            사람이 지을 수 있는 죄를 3단계로 구분을 하여  ‘사소한 거짓말이나 행위로 미약하거나 아무런 티가 나지 않았던 잘못, 공개적인 자리에서 이야기 해도 웃고 넘어갈 수 있는 수준’ , ‘조금 심각한 수준의 잘못으로 가장 친한친구에게 조심스럽게 이야기 할 수 있을 정도의 수준’, ‘아무에게도 얘기할 수 없으며 평생 기억에 남을 만큼의 잘못’ 을 각각 1, 2, 3 단계로 정의했다.  
            [데이터말소] 의 직원을 투입시켜 1단계 수준의 잘못을 고하게 했다. 
            해당 환상체의 스트레스가 10% 감소하였고 에너지 증가량이 12% 증가했다.
            [데이터말소]의 직원을 투입시켜 2단계 수준의 잘못을 고하게 했다.
            해당 환상체의 스트레스가 13% 감소하였고 에너지 증가량이 15% 증가했다. 
            [데이터말소]의 직원을 투입시켜 3단계 수준의 잘못을 고하게 했다.
            직원이 투입된지 1분 48초 후에 환한 빛이 번쩍였다. 격리소 바깥까지 빛이 퍼진 걸로 봐서 상당히 밝은 빛이 었던 걸로 추정된다. 그리고 곧바로 회사 전체가 정전이 되었다. 이 현상은 2시간 동안 지속이 되었다. 해당 환상체의 스트레스가 5% 증가했으며 에너지 증가량이 오히려 감소하는 실험결과가 나왔다. [데이터말소]의 직원은 최근 6년 동안의 모든 기억을 잃었다. 이후 실험은 중지 됐다. 피실험자의 윤리를 위해 실험기간 동안 설치한 해당 격리소의 감시카메라는 비공개로 두는 것을 원칙으로 했지만, 우리는 어쩔 수 없이 사고 당시 현장을 확인하기 위해 카메라를 판독했다.

          }
        ]
    </record>



<record openLevel="2">
     -> [
        {[데이터 말소] : “이건 [데이터말소] 기간에 일어났던 일이야, 정확히 말하면 오후 4시 쯤은 되었을 거야. 젠장, 근데 이거 정말 효과가 있기는 한거야? 아무튼 간에, 집에서 20분 정도 되는 거리에 철도가 있었어. 그리고 그 당시 나랑 같이 다니던 동네 친구 한 명이 있었지. 아마 친했을 거야. 그냥 그건, 할로윈파티 같은 거의 일종이었어. 우린 동물 분장을 하기로 했지. 그 중 한 명은 사슴 분장을 했을 거야. 사슴 분장이래 봐야 뿔 같은 게 어설프게 달려 있고 칙칙한 무늬가 박혀 있는 옷에 불과했어. 그리고.. 그 아이가 어떻게 해서 그 숲 속으로 들어갔는지는 몰라. 아무튼 그 아이가 숲으로 들어갔다는 걸 알게 된 건 대충 한 시간쯤이 지난 후였어. 우리는 나무 사이에서 돌아다니던 그 녀석을 발견할 수 있었고, 그 녀석한테 ‘멈춰’ 라고 소리질렀지. 하지만 그 녀석은 그게 자신을 부르는 소리인 줄 알았나 봐. 우리를 발견하고 뛰어오려 했어. 그리고 어디 선가 총알 소리가 몇 발 들렸고 모든 게 끝났지. 피가 내 발끝까지 닿았어. 그 후로 우리는 다시는 동물 분장을 하지 않았지. 그게 다야.”.}
        ]
    </record>

    <record openLevel="2">
     -> [
        {관찰기록 #4_435
        그것의 눈은 뻥 뚫려 있다. 일단은, 두개골이니까 말이다. 그렇다고 보지 못하는 건 아닐 거다. 틀림없이 시선은 나를 향하고 있고 내 말을 듣고 있다는 게 느껴진다. 고해성사를 하는 기분으로 뭐라도 털어놓으면 마음은 편해지긴 하다.
        }
        ]
    </record>


    <record openLevel="3">
      ->[
        {이후 우리는 자세한 전말을 알기 위해 해당 직원의 고향에서 해당 시기에 일어난 몇 가지 사건들을 조사했다. 그 결과 [데이터말소] 이름의 남자 아이가 사슴 사냥철에 사슴 옷을 입고 숲에 들어가 사냥꾼들의 엽총을 3발 맞아 숨지는 사건이 있었다는 것을 알 수 있었다.  하지만 해당 직원의 고해와는 다르게 [데이터말소] 는 또래들 사이에서 어울리지 못하던 아이였다는 증언이 있었고 엽총 소리가 들리기 직전, ‘달려!’ 라고 아우성 치는 아이들의 고함소리가 울려 퍼졌다는 목격자의 증언을 확보했다.}
        ]
    </record>
  
  </observe>
</crature>