﻿<?xml version="1.0" encoding="utf-8" ?>
<creature>
  <!--
    info - 관찰 레벨과는 관련 없는 정보들 ex)데미지, id, 이미지 소스 등
    
    observe - 관찰 정도에 따라 제공되는 정보들
              각 정보들에는 정보가 제공되는 레벨을 표기
              ex) <desc id="1" openLevel="1">"openLevel이 1일 때 이 정보가 제공됨"</desc>
              
              observe 노드 안의 level 은 관찰 단계의 갯수를 나타냄
  -->
  <info
    id ="100009"

    script="OneBadManyGood"
    >
    <stat>
      <horrorProb>0.1</horrorProb>
      <horrorMin>2.0</horrorMin>
      <horrorMax>2.0</horrorMax>
      <physicsDmg>0</physicsDmg>
      <mentalDmg>0</mentalDmg>
      <feelingMax>400.0</feelingMax>
      <feelingDownValue>3.3</feelingDownValue>
      <energyPointChange>8</energyPointChange>
      <energyGenSection>
        <section bound="150" gen="0.0875"/>
        <section bound="300" gen="0.015"/>
      </energyGenSection>
    </stat>

    <feeling max="100" downProb="0.44" downValue="1">
      <section feelingValue="50" state="good" energy="0.5"/>
      <section feelingValue="30" state="normal" energy="0.3"/>
      <section feelingValue="0" state="bad" energy="-1.3"/>
    </feeling>

   <narration action="move">
      -> #0 designated to 'One Sin and Hundreds of Good Deeds' isolation sector.
    </narration>

    <narration action="start">
      -> [
      {#0 feels unknown fear of entering the sector of ‘One evil deed and hundreds of good deeds’ because nothing is known. },
      {‘One evil deed and hundreds of good deeds’ could give positive effects to employees situationally.},
      {Now we know that we have to send ‘honest’ employee to the sector of ‘One evil deed and hundreds of good deeds’ },
      {‘One evil deed and hundreds of good deeds’ will see through you.}
    </narration>

    <narration action="mid1">
      -> [
      {‘One evil deed and hundreds of good deeds’ is waiting for people’s sin.},
      {#0’s sin will soon reach ‘One evil deed and hundreds of good deeds’.},
      {‘One evil deed and hundreds of good deeds’ is grinding teeth, making threatening sound once in a while.},
      {‘One evil deed and hundreds of good deeds’ floats around slowly.}
      ]
    </narration>
    <narration action="mid2">
      -> [
      {‘One evil deed and hundreds of good deeds’ floats around slowly.},
      {‘One evil deed and hundreds of good deeds’ is your convictor.},
      {#0 gaze in awe at ‘One evil deed and hundreds of good deeds’. }
      ]
    </narration>
    <narration action="mid3">
      -> [
      {#0 is finished with order but ‘One evil deed and hundreds of good deeds’ is not responding.},
      {As #0 is proceeding the work, ‘One evil deed and hundreds of good deeds’ is not giving even slightest response.}
      {‘One evil deed and hundreds of good deeds’ is not responding to #0’s work.}
      ]
    </narration>
    <narration action="mid4">
      -> [
      {In a future life, there are only spiders },
      {Shoulder torment means taking half of the sin.},
      {Human who can adroitly deceive oneself only can live very delightfully.}
      {If fundamental purpose is justifiable, one evil deed could be allowed, right?}
      ]
    </narration>

  
    <narration action="special_ability1">
      -> [
      {#0 have confessed to ‘One evil deed and hundreds of good deeds’ of AWOL.}
      {#0 have confessed to ‘One evil deed and hundreds of good deeds’ of lying to one’s parents.},
      {#0 have confessed to ‘One evil deed and hundreds of good deeds’ of envying friend.},
      {6. #0 have confessed to ‘One evil deed and hundreds of good deeds’ have confessed of ‘the incident in last year July’. }
      ]
    </narration>
    <narration action="special_ability2">
      -> [
      {Truly, punishment have struck. }
      ]
    </narration>
    <narration action="special_ability3">
      -> [
      {Unforgettable self-reproach for entire life is possibly the biggest punishment to #0.}
      ]
    </narration>

    <narration action="panic">
      -> [
      {#0’s thought have died. Agony and insecurity without an exit is pressing #0}
      ]
    </narration>

    <anim prefab="Unit/CreatureAnimator/MagicalGirlAnim" x="-1" y="-2"/>

    <!--<img src="Unit/creature/MatchGirl_01" x="-1" y="-1"/>-->
    <img src="Unit/dummy" x="-1" y="-1"/>
    <portrait src="Unit/creature/magicalGirl"/>
    <room src="Unit/creature/isolate_room"/>
    <frame src="Unit/creature/frame/MagicalGirl_frame"/>

    <graph>
      <node id="creature" x="-1.6" y="-1" type="creature"/>
      <node id="workspace" x="1.9" y="-1" type="workspace"/>

      <!--<node id="door"  x="2" y="-1" type="entry"/>-->
      <node id="outter" x="0" y="0" type="outterDoor"/>
      <node id="inner" x="2" y="-1" type="innerDoor"/>

      <!--<edge node1="workspace" node2="door" type="road" />-->
      <edge node1="workspace" node2="inner" type="road" />
      <edge node1="creature" node2="workspace" type="road" />
    </graph>

    <sound action="attack" src="creature/onebad_good/oneBad_special_sry"/>
    <sound action="enter" src="creature/onebad_good/oneBad_enter"/>
  </info>
  
  <observe level ="3">
    <collection>
      <codeNo openLevel ="0">O-03-03-Z</codeNo>
      <portrait openLevel ="0"></portrait>
      
        <size openLevel ="0">
  4
  </size>

      <weight openLevel ="0">
  0
  </weight>

      <name openLevel ="1">
One Sin and Hundreds of Good Deeds
</name>
      <attackType openLevel ="2">
         White
      </attackType>
       
      <creatureType openLevel ="1">
        abstract
      </creatureType>

      <horrorLevel openLevel ="1">
       2
      </horrorLevel>

      <riskLevel openLevel ="1">
        ZAYIN
      </riskLevel>

      <intelligence openLevel ="2">
        4
      </intelligence>

      <physical openLevel ="0">
        0
      </physical>

      <mental openLevel ="3">
        5
      </mental>

      <specialName openLevel ="2">
  Forgotten sin brings forth punishment
  </specialName>

      <specialInfo openLevel ="2">When employees ‘feed’ it stress decreases 2 levels. When employees with {Guilt} are assigned to the ‘feeding’ duty, the said debuff disappears. </specialInfo>

      <aggression openLevel ="2">1</aggression>

      <gorgeous openLevel ="1">5</gorgeous>
      
      <rejectWork openLevel ="4"></rejectWork>
      
      <preferWork openLevel ="5"></preferWork>
      <solution openLevel ="3">Do not send in employees with the ability to Lie.</solution>
      
    </collection>
    
    <desc id="1" openLevel="0">
    -> [
        {Figure is that of a skull with a crown of thorns, attached to a gigantic cross. It levitates about a meter above the ground.}
       ]
    </desc>

    <desc id="2" openLevel="1">
     -> [
        {Despite its harsh appearance, it hardly ever leads an attack. It often makes noises by clacking its teeth together but there is no need to pay extra attention to that noise. Stress levels rises rather sluggishly, so less attention is required compared to other Abnormalities. When stressed, ‘feeding’ it is necessary although it does not feed on typical sustenance.}
       ]
    </desc>

    <desc id="3" openLevel="2">
    -> [
        {It feeds on human ‘sins’, revealed through confession. Employee on duty must sit (or stand) in front of the creature and confess to his/her sins. There is no way to know how it digests words but stress levels do decrease.} 
        ]
    </desc>

    <desc id="4" openLevel="3">
    -> [
        {When the confession is untrue, there is no telling what may happen.}  
        ]
    </desc>

 <record openLevel="1">
     -> [
          {Experiment Log x2-321
            We categorized all sins man makes into three levels. Level 1, ‘insignificant lie or action that wouldn’t draw any attention, kind that one would be able to talk about in a social setting and laugh at.’ Level 2, ‘slightly serious mistake that you would only talk to your closest friends about.’ Level 3, ‘a great sin that one would carry around for their entire life and tell no one about.’
            Employee, [Redacted] was sent in to confess to a Level 1 sin. 
            The select Illutionite’s stress levels decreased 10% and energy levels increased 12%.
            Employee, [Redacted] was sent in to confess to a Level 2 sin. 
            The select Illutionite’s stress levels decreased 13% and energy levels increased 15%.
            Employee, [Redacted] was sent in to confess to a Level 3 sin. 
            1min. 48 sec. after the employee went in, a bright light flashed. Inferring from amount of light that had leaked outside the containment zone, inside may have been blindingly bright. Our offices experienced a power outage right afterwards. The blackout continued for 2 hours. The select Illutionite’s stress levels increased 5% and energy levels decreased. [Redacted] lost past 6 years’ memories. The experiment came to a halt. Privacy matters warranted a policy to keep surveillance cameras classified. But to understand the incident there was no choice but to view the surveillance material.  
            The following is an excerpt from the video. All of the footage was not available; the data was damaged from the moment of the blinding flash of light. 
          }
        ]
    </record>



<record openLevel="2">
     -> [
        {[Redacted] : “This happened during [Redacted], about 4 in the afternoon. Damn, does this even work…? Anyway, there was a train track about 20 minutes away from my house. I had a neighborhood friend I used to hang out with. We were close, I think. One day, there was something like a Halloween party. We decided to dress up as animals. One of my friends was a deer. The costume was made with some crappy antlers, and some clothes with dark spots on it, not convincing at all. I… I don’t know how the kid got into the forest. We noticed he was gone after a while, maybe an hour. We found him wandering around between the trees, and yelled ‘STOP!’ I guess he thought we were calling him here. He ran toward us and… We heard a few gunshots and that was it. The blood splattered to my shoes. We never dressed up like animals again. That’s it."}
        ]
    </record>

    <record openLevel="2">
     -> [
        {Observation Log #4_435
        Of course its eye sockets were empty, it was a skull. It didn’t mean that it couldn’t see. I can feel its gaze on me, listening. Letting stuff out in confession did lightened the psychological burden. 
        }
        ]
    </record>


    <record openLevel="3">
      ->[
        {Later we went to the hometown to investigate the aforementioned incident. A boy named [Redacted] was indeed shot to death 3 times with a shotgun after entering the forest dressed like a deer, during hunting season. Unlike the confessed story, there was a witness that said [Redacted] was not close to the group of kids in the area, they didn’t get along well. Also, the witness mentioned hearing children yell ‘RUN,’ immediately before the blast of the shotgun.}
        ]
    </record>
  
  </observe>
</creature>