<?xml version="1.0" encoding="utf-8" ?>
<crature>
  <!--
    info - 관찰 레벨과는 관련 없는 정보들 ex)데미지, id, 이미지 소스 등
    
    observe - 관찰 정도에 따라 제공되는 정보들
              각 정보들에는 정보가 제공되는 레벨을 표기
              ex) <desc id="1" openLevel="1">"openLevel이 1일 때 이 정보가 제공됨"</desc>
              
              observe 노드 안의 level 은 관찰 단계의 갯수를 나타냄
  -->
  <info
    id ="100003"

    script="RedShoes"
    >
    
    <stat>
      <horrorProb>0.1</horrorProb>
      <horrorMin>2.0</horrorMin>
      <horrorMax>2.0</horrorMax>

      <physicsDmg>0</physicsDmg>
      <mentalDmg>0</mentalDmg>

      <feelingMax>200.0</feelingMax>
      <feelingDownValue>3.7</feelingDownValue>

      <energyPointChange>-10</energyPointChange>

      <energyGenSection>
        <section bound="250" gen="0.225"/>
        <section bound="300" gen="-0.1625"/>
      </energyGenSection>
    </stat>
    
    <feeling max="100" downProb="0.44" downValue="1">
      <section feelingValue="50" state="good" energy="0.5"/>
      <section feelingValue="30" state="normal" energy="0.3"/>
      <section feelingValue="0" state="bad" energy="-1.3"/>
    </feeling>

    <narration action="move">
      -> #0(이)가 작업을 시작하러 '빨간구두'의 방에 들어갑니다
    </narration>

    <narration action="start">
      [
      {빨간 구두는 푹신해 보이는 쿠션에 마치 전시되듯이 놓여 있습니다.},
      {빨간 구두의 안쪽에 이빨처럼 보이는 무언가가 보이는 것은 착각일 것입니다.},
      {빨간 구두는 여성 한정으로 착용하고자 하는 강한 충동과 뿌리치지 못할 유혹을 생성해냅니다.},
      {소녀는 울면서 애원했습니다. “아저씨, 제발 제 발을 잘라주세요…”}
      ]
    </narration>

    <narration action="mid1">
      [
      {빨간구두는 얌전히 그 자리에서 #0의 작업을 주시하고 있습니다.},
      {헤진 쇼파 위에 놓여있는 빨간구두를 뒤로 하고 #0(이)가 작업을 시작합니다.},
      {방금 누군가 벗어놓은 듯 빨간 구두가 조금 흐트러지게 방 안에 놓여있습니다.},
      {가지런히 정리되어 있는 빨간 구두를 #0(이)가 지나쳐 작업을 합니다.}
      ]
    </narration>
    <narration action="mid2">
      [
      {빨간구두의 붉은 에나멜 가죽이 햇빛을 받아 조용히 반짝입니다.},
      {빨간구두의 발목 끈은 헤졌음에도 여전히 고급스러운 자태를 유지하고 있습니다.},
      {그 동안의 많은 일들을 대변하듯 빨간 구두의 굽은 조금 닳아있습니다.},
      {얼룩 하나 없는 빨간 구두의 가죽이 부자연스럽게 깨끗해 보입니다.}
      ]
    </narration>
    <narration action="mid3">
      [
      {#0(이)가 작업 중간 중간 마다 빨간구두를힐긋거리며 뒤돌아봅니다.},
      {뒤를 돌아보며 괜스레 빨간 구두를 확인합니다.},
      {마음에 걸리는 일이 생각나는 듯 #0(이)가 작업에 집중을 못한 채 뒤 돌아서빨간 구두를 확인합니다.},
      {애써 빨간 구두가 있는 쪽을 보지 않으려고 #0(이)가 다른 방향을 바라보며 작업에 집중하려 합니다.}
      ]
    </narration>
    <narration action="mid4">
      [
      {빨간구두는 생물체는 분명 아니지만 그 주위로부터 알지 못 할 음산함이 느껴집니다.},
      {빨간 구두는 생물체는 아니지만 특유의 분위기가 옛날의 참극을 회상시킵니다.},
      {빨간 구두의 붉으어스름한 색빛이 익숙한 무언 가와 닮아있습니다.},
      {빨간 구두는 그 자리에 가만히 그냥 있을 뿐입니다.}
      ]
    </narration>

    <narration action="special_ability1">
      [
      {#0(이)가 명령을 무시하고 계속해서 빨간 구두를 주시하네요. 급기야 빨간 구두를 향해 손을 뻗는 데 무엇을 하려는 건진 모르겠습니다.}
      ]
    </narration>
    <narration action="special_ability2">
      [
      {#0(이)가 자신의 신발을 벗어 두고 빨간 구두를 신기 시작합니다. 무슨 일이 일어날지 예상이 불가능한 상태입니다.}
      ]
    </narration>
    <narration action="special_ability3">
      [
      {#0의 눈빛이 조금 바뀌었습니다. 동공이 과도하게 커지고 초점이 사라졌습니다.}
      ]
    </narration>
    <narration action="special_ability4">
      [
      {#0(이)가 만족스럽다는 듯이 빨간 구두를 신고 또각또각 하는 소리를 즐기고 있네요. }
      ]
    </narration>


    <narration action="dead">
      [
      {#0(은)는 손에 환상체 제압용 몽둥이를 들고 복도를 돌아다닙니다.}
      {#0 은 자신을 막으려는 #0 에게 손에 들고 있는 무기를 휘두릅니다.}
      {#0 은 #0 이 휘두른 무기에 머리를 맞고 뇌출혈과다로 사망하였습니다.}
      ]
      <!--차례차례 나와야 합니다>-->
    </narration>

    <anim prefab="Unit/CreatureAnimator/RedShoes_Creature" x="0" y="-0.9"/>

    <!--<img src="Unit/creature/MatchGirl_01" x="-1" y="-1"/>-->
    <img src="Unit/dummy" x="-1" y="-1"/>
    <portrait src="Unit/creature/magicalGirl"/>
    <room src="Unit/creature/isolate_room"/>
    <frame src="Unit/creature/frame/MagicalGirl_frame"/>

    <graph>
      <node id="creature" x="-1.6" y="-1" type="creature"/>
      <node id="workspace" x="0" y="-1" type="workspace"/>

      <!--<node id="door"  x="2" y="-1" type="entry"/>-->
      <node id="outter" x="0" y="0" type="outterDoor"/>
      <node id="inner" x="2" y="-1" type="innerDoor"/>

      <!--<edge node1="workspace" node2="door" type="road" />-->
      <edge node1="workspace" node2="inner" type="road" />
      <edge node1="creature" node2="workspace" type="road" />
    </graph>
    
    <sound action="attack" src="creature/red_shooes/redShooes_normal"/>
    <sound action="enter" src="creature/red_shooes/redShooes_enter"/>
  </info>
  
  <observe level ="3">
    <collection>
      <codeNo openLevel ="0">O-04-08-H</codeNo>
      <portrait openLevel ="0"></portrait>
      <size openLevel ="0">
  1
  </size>

      <weight openLevel ="0">
  890g
  </weight>

      <name openLevel ="1">
빨간 구두
</name>
      <attackType openLevel ="1">
          White,Red
      </attackType>
      
      <creatureType openLevel ="1">
        non creature
      </creatureType>

      <horrorLevel openLevel ="1">
       2
      </horrorLevel>

      <riskLevel openLevel ="2">
        HE
      </riskLevel>

      <intelligence openLevel ="3">
        1
      </intelligence>

      <physical openLevel ="2">
        4
      </physical>

      <mental openLevel ="2">
        4
      </mental>

      <specialName openLevel ="3">
  죽을 때까지 춤을 춰야 하는 형벌
  </specialName>

      <specialInfo openLevel ="3">
  착용한 여성 직원에게 중간과 사망 이상의 정신 피해를 입힌다. 주변 사람들에겐 중간 이상의 정신 피해를 입힌다. 
  </specialInfo>

      <aggression openLevel ="2">
  2
  </aggression>

      <gorgeous openLevel ="3">
  5
  </gorgeous>
      
      <rejectWork openLevel ="4"></rejectWork>
      
      <preferWork openLevel ="5"></preferWork>
      <solution openLevel ="1">
여성 직원을 투입시키지 말 것. 
</solution>
      
    </collection>
    
    <desc id="1" openLevel="0">
    -> [
        {우아한 멋이 든 빨간 색의 여성용 구두다.  디자인으로 봐선 최근에 제작된 것이 아니라는 추측만 할 수 있을 뿐, 어디서 어떻게 만들어졌는지는 확인할 수가 없다.}
       ]
    </desc>

    <desc id="2" openLevel="1">
     -> [
        {여성 한정으로 ‘신어보고 싶다’ 는 욕구를 과도하게 자극한다. 일단 여성이 해당 환상체를 착용하게 되면 1차적으로 눈빛이 정상적인 사람들과는 달라지는 걸 확인할 수 있다}
       ]
    </desc>

    <desc id="3" openLevel="2">
    -> [
        {2차 변화로는 절대 신발을 벗으려 하지 않으며, 무의식적으로 억눌러왔던 모든 욕망들을 행동으로 옮기게 된다. 만약 이러한 욕망이 방해가 되거나 타인이 신발을 벗기려는 시도를 할 경우 대상을 가리지 않고 숙주를 조종해 살인까지 저지르게 된다.} 
        ]
    </desc>

    <desc id="4" openLevel="3">
    -> [
        {이 과정에서 숙주의 의도도 개입되어 있는진 알 수 없지만 성 욕망과 공격성이 과도하게 높아지는 것으로 보아 원초아의 의지는 존재하는 것 같다.} 
        ]
    </desc>



    <record openLevel="1">
     -> [
        {상담 기록 #043_3 일부 발췌
        직원 F1230 : “[데이터말소] 선배는 상냥한 분이셨어요. 뭐랄까, 우리들 사이에서는 우상에 가까웠죠. 우리가 이런 일을 맡게 된 건 자랑스러워 해야 할 일이다, 이런 식으로 항상 말씀을 해주곤 했어요. 그리고 어떤 환상체던 간에 능숙하게 다룰 줄도 알았죠. 하지만 그 방에 들여보내게 된 건 우리 모두 인생의 커다란 실수에요.  고작 구두 따위가 무슨 해를 입힐 수 있겠어 라고 안일하게 생각했던 게 화가 됐던 거죠. 어느 순간 선배는 구두를 신고 있었고, 아주 만족스럽게 웃고 있었는데 그, 좀 이상했어요. 웃음이 아니라 그건.. (중략)
        }
        ]
    </record>

 <record openLevel="2">
     -> [
          {정신을 차려 보니 주변이 온통 피투성이었죠. 또각 또각 거리는 소리가 복도를 울려대는데 눈을 막고 죽은 척을 했어요. 같이 있었던 동료 한 명의 머리통이 나뒹굴고 있던 걸 보았거든요. 그것은 제 앞에 오더니 한참 동안 멈춰 있었어요. 그리고 다시 쓰러져 있던 저를 스쳐 지나 갔는데 다시 정신을 잃었던 것 같아요. (중략)
          }
        ]
    </record>

<record openLevel="3">
     -> [
        {해체가 되지를 않아서 결국엔 두 다리를 잘라내야 했다고 들었어요. 그 후로 선배를 본 사람은 없지만, 아직까지도 오래 근무했던 사람들 중엔 그 사건을 기억하는 자들이 있을 거에요.”}
        ]
    </record>

    <record openLevel="3">
      ->[
         {복도 영상 Z3_493 일부 발췌
        {직원 [데이터 말소1] : 저 쪽 작업은 다 끝난 거지? 나도 방금 막 하나 끝냈어. 성냥팔이 소녀는 여전히 그 상태야. 골치 아파 죽겠어. 휴게실 가서 커피 마실래?
        직원 [데이터 말소2] : 있잖아, [데이터말소2]. 오래 전부터 생각해왔던 게 있어.
        직원 [데이터 말소 1] : 휴게실 가서 얘기해. 지금 너무 피곤한 상태야. 그런데 너 구두를 신은 거야? 작업할 때는 직원용 신발 외엔 금지잖아. 
        직원 [데이터 말소 2] : 그게 중요한 게 아니야 [데이터말소2], 중요한 건  지금 우리 둘만 있다는 거야. 
        직원 [데이터 말소 1] : 대체 무슨 소리를 하는 거야! 잘 들어, 나는 휴게실을 당장 가서 쉬어야 겠어. 잠깐, 너 지금, 뭘 신고 있는 거야? 너 설마, 그걸 신은 거야? 
        직원 [데이터 말소2] : [데이터 말소1], 오래 전부터 좋아해왔어. 
        직원 [데이터 말소 1] : 맙소사, 그걸 당장 벗어. 너 지금 너가 무슨 짓을 하고 있는 줄 알아?
        직원 [데이터 말소 2] : 너가 왜 나를 좋아해주지 않는 지 생각해 봤어. 에밀리 때문이지? 너가 에밀리를 보느라고 날 볼 시간이 없었던 거야. 그렇지?  
        직원 [데이터 말소 1] : 너  지금, 손에 환상체 제압 무기 들고 있는 거야? 그리고 너 지금 발목에서 계속 피가 나고 있어, [데이터말소 2], 부탁이니까 그거 당장 벗어. 
        직원 [데이터 말소 2] : 그럼 에밀리만 없으면 되겠다! 조금만 기다려. 얼마 걸리지 않을 거야. 그때까지 여기 얌전히 있어야 해. 
        직원 [데이터 말소 1] :  제발 정신 차려, 나는 널 말릴 거야. 
        직원 [데이터 말소 2] : 너가 날 말리고 싶다면, 입사 첫날부터 했어야 했어.

        직원 [데이터 말소 2] 는 들고 있던 무기로 직원 [데이터 말소 1] 을 기절시킨 후 휴게실로 사라졌다. 다행히 사상자는 없었으며 에밀리 라는 직원도 무사했다. 직원 [데이터 말소 2] 는 이후 회사에서 모든 정보들이 말소 됐다. 그녀는 자신이 무슨 일을 하려는 지 정확하게 인지 하고 있었다. 단지 빨간 구두가 그걸 좀 더 적극적으로 행동하도록 유도시켰을 뿐이라는 사실을 인정했다. 그녀가 비상계획팀에 의해 제압되자 빨간 구두는 스스로 그녀의 발목을 뜯어 도망쳤다. 그리고 정확히 23분 후에 다시 제압되어 본래 격리실에 격리되었다.  [데이터 말소 2] 는 과다 출혈로 사망했다. [데이터 말소 1] 은 경미한 상처에 그쳤지만 충격으로 회사를 그만 두었다.}
        ]
    </record>
  
  </observe>
</crature>