<?xml version="1.0" encoding="utf-8" ?>
<crature>
  <!--
    info - 관찰 레벨과는 관련 없는 정보들 ex)데미지, id, 이미지 소스 등
    
    observe - 관찰 정도에 따라 제공되는 정보들
              각 정보들에는 정보가 제공되는 레벨을 표기
              ex) <desc id="1" openLevel="1">"openLevel이 1일 때 이 정보가 제공됨"</desc>
              
              observe 노드 안의 level 은 관찰 단계의 갯수를 나타냄
  -->
  <info
    id ="100006"

    script="SingingMachine"
    >

    <stat>
      <horrorProb>0.1</horrorProb>
      <horrorMin>2.0</horrorMin>
      <horrorMax>2.0</horrorMax>
      <physicsDmg>3.0</physicsDmg>
      <mentalDmg>0.0</mentalDmg>
      <feelingMax>210.0</feelingMax>
      <feelingDownValue>4.0</feelingDownValue>
      <energyPointChange>-4</energyPointChange>
      <energyGenSection>
        <section bound="50" gen="-0.1125"/>
        <section bound="120" gen="0.3"/>
        <section bound="210" gen="-0.1125"/>
      </energyGenSection>
    </stat>

    <feeling max="100" downProb="0.44" downValue="1">
      <section feelingValue="50" state="good" energy="0.5"/>
      <section feelingValue="30" state="normal" energy="0.3"/>
      <section feelingValue="0" state="bad" energy="-1.3"/>
    </feeling>

    <narration action="move">
      -> #0(이)가 작업을 시작하러 '노래하는 기계'의 방에 들어갑니다
    </narration>

    <narration action="start">
      -> [
     {평범해 보이는 연삭기가 당신 앞에 놓여있을지라도, 조심하세요. 모든 환상체들에겐 존재의 이유는 아닐지라도 존재하려는 의도 정도는 가지고 있습니다},
      {그것은 굉장히 강한 흡입력을 가지고 있습니다.},
      {그것이 만들어낸 음악은 대단히 아름답다고 합니다.},
      {그대의 피로 화음을 짓고 살로 선율을 만들지어니.}
      ]
    </narration>

    <narration action="mid1">
      -> [
      {노래하는 기계’ 는 근처에 사람이 없을 때에는 아무런 작동을 하지 않습니다.},
      {#0 이 들어오기 전까지 ‘노래하는 기계’ 는 어떤 작동도 보이지 않습니다. },
      {#0 이 격리소에 들어오기 전까지는 ‘노래하는 기계’ 는 전원 꺼진 보통의 기계로 밖엔 보이지 않습니다.},
      {#0 에게 전원 버튼이 있었다면 [직원이름] 에겐 좀 더 편했을지도 모릅니다.}
      ]
    </narration>

    <narration action="mid2">
      -> [
      {#0 이 잔뜩 경계하는 태세로 ‘노래하는 기계’ 의 작업을 수행하고 있습니다.},
      {언제 ‘노래하는 기계’ 가 급작스럽게 작동할 수 있을지 모르므로 #0은 항상 주의를 기울이고 있어야 합니다.},
      {‘노래하는 기계’ 는 이전의 찌꺼기들을 내부에서 소화시키는 듯 #0 에겐 아무런 반응을 보이고 있지 않습니다. }
      {#0은 ‘노래하는 기계’ 의 작동이 멈춰 있는 사이에 빠르게 작업을 하고 있습니다.}
      ]
    </narration>

    <narration action="mid3">
      -> [
      {‘노래하는 기계’ 가 언제 작동할지 알 수 있는 방법은 간단합니다. 그저 그것의 뚜껑을 올려서 이전 찌꺼기가 얼만큼 소화가 되었는지를 가늠하면 됩니다},
      {#0 에게는 ‘노래하는 기계’ 의 뚜껑을 들어내어 다음 작동 기간은 언제일지 알아볼 만한 용기가 있지 않습니다.},
      {소문에 의하면 ‘노래하는 기계’ 의 뚜껑을 들어내 내부 구조를 본 직원들 중 병결휴가를 내지 않은 사람은 없다고 합니다. }
      {실제로 ‘노래하는 기계’ 의 내부 구조는 매우 정교하다고 합니다만 감히 시도해 볼 만한 직원이 있는지는 모르겠습니다.}
      ]
    </narration>

    <narration action="mid4">
      -> [
      {#0 에겐 운이 좋은 날이었습니다. ‘노래하는 기계’ 는 작동을 하지 않았습니다.,
      {‘노래하는 기계’가 오늘 작동을 하지 않은 것은 #0 에겐 굉장히 다행스러운 일이지만 다음 작업 할 직원에게는 애도를 표해야 할 것입니다.}
      {‘노래하는 기계’ 는 오늘 휴무를 결정한 것 같습니다.}
      {‘노래하는 기계’ 은 아직까지 이전의 내용물들을 처리하는 중인지 작업이 끝날 때까지 아무런 반응을 보이지 않았습니다.}
      ]
    </narration>

    
    <narration action="dead">
      -> [
       {‘노래하는 기계’ 는 세상에 다시 없을 하모니를 격리실 가득 들려주고 있습니다.},
      {최고의 예술 작품에는 그 만큼의 희생이 따른다, ‘노래하는 기계’ 만큼 이 말을 잘 보여주는 사례는 또 없을 것입니다.}
      {#0 에게 남은 것은 미처 갈리지 못한 살덩이 몇 개와 뼛조각 그리고 두 번 다시 없을 #0 만의 작곡입니다. }
      ]
    </narration>

     <narration action="panic">
      -> [
      {#0 은 ‘노래하는 기계’ 가 들려주는 음색에 완전히 홀려버렸습니다. 그는 아무런 명령을 듣지 않을 것입니다.}
      {#0 은 이 세상의 것이 아닌 듯한 ‘노래하는 기계’ 가 부르는 노래에 마음을 뺏겼습니다. 그의 정신은 완전히 마비되었습니다.}
      ]
    </narration>


    <anim prefab="Unit/CreatureAnimator/machine" x="-1" y="-2"/>

    <!--<img src="Unit/creature/MatchGirl_01" x="-1" y="-1"/>-->
    <img src="Unit/dummy" x="-1" y="-1"/>
    <portrait src="Unit/creature/magicalGirl"/>
    <room src="Unit/creature/isolate_room"/>
    <frame src="Unit/creature/frame/MagicalGirl_frame"/>

    <graph>
      <node id="creature" x="-1.6" y="-1" type="creature"/>
      <node id="workspace" x="1.9" y="-1" type="workspace"/>

      <!--<node id="door"  x="2" y="-1" type="entry"/>-->
      <node id="outter" x="0" y="0" type="outterDoor"/>
      <node id="inner" x="2" y="-1" type="innerDoor"/>

      <!--<edge node1="workspace" node2="door" type="road" />-->
      <edge node1="workspace" node2="inner" type="road" />
      <edge node1="creature" node2="workspace" type="road" />
    </graph>
    <sound action="attack" src="creature/match_girl/matchgirl_attack"/>
    <sound action="enter" src="creature/match_girl/matchgirl_enter"/>
  </info>
  
  <observe level ="4">
    <collection>
      <codeNo openLevel ="0">O-05-30-H</codeNo>
      <portrait openLevel ="0"></portrait>
        <size openLevel ="0">
  4
  </size>

      <weight openLevel ="0">
  120kg
  </weight>

      <name openLevel ="1">
노래하는 기계
</name>
      <attackType openLevel ="2">
Red
</attackType>
        
      <creatureType openLevel ="1">
        비생물
      </creatureType>

      <horrorLevel openLevel ="1">
       0
      </horrorLevel>

      <riskLevel openLevel ="2">
        HE
      </riskLevel>

      <intelligence openLevel ="1">
        1
      </intelligence>

      <physical openLevel ="2">
        5
      </physical>

      <mental openLevel ="0">
        0
      </mental>

      <specialName openLevel ="0">
  0
  </specialName>

      <specialInfo openLevel ="0">
  0
  </specialInfo>

      <aggression openLevel ="3">
  3
  </aggression>

      <gorgeous openLevel ="2">
  1
  </gorgeous>
      
      <rejectWork openLevel ="4"></rejectWork>
      
      <preferWork openLevel ="5"></preferWork>
      <solution openLevel ="0"> 0
</solution>
      
    </collection>
    
    <desc id="1" openLevel="0">
    -> [
        {길다란 원통형의 기계 형상을 하고 있다.}
       ]
    </desc>

    <desc id="2" openLevel="1">
     -> [
        {겉으로 보기엔 ‘연삭기’ 로서의 기능을 하고 있는 작업용 기계로 보이지만 스스로 ‘의지’ 가 존재하는 것으로 보아 환상체라는 조건에  정확히 충족되었다고 한다.}
       ]
    </desc>

    <desc id="3" openLevel="2">
    -> [
        {환상체 주변 (정확히 몇 m 이내로 접근해야 반응을 보이는지에 대해선 좀더 추가적인 실험이 필요) 에 접근하거나 해당 환상체를 건드릴 경우, 환상체가 ‘작동’ 을 하며 강력한 흡수력으로 근처에 있는 대상을 끌어당겨 본체 속에 집어 넣는다.} 
        ]
    </desc>

    <desc id="4" openLevel="3">
    -> [
        {이후로 본체의 환풍구가 빠른 속도로 닫히며 내부에서는 환상체가 작동하는 소리가 들린다. 이 작업 시간은 약 5분 간 진행되며, 일정하지 않은 것으로 확인되었다.}
       ]
    </desc>

      <desc id="5" openLevel="4">
    -> [
        {몇 번의 실험 끝에 본 환상체가 작업 과정을 통해 최종적으로 얻으려고자 하는 것은 ‘음악’ 이라고 판단되었다. 일정주기 마다 직원을 투입시켜 그 특수한 욕구를 만족시켜주지 않으면 스트레스가 상승하므로 정기적인 관리가 필요하다.}
       ]
    </desc>


    <record openLevel="1">
     -> [
        {상담 기록 일부 발췌
        원래는 저 혼자 투입될 작업이었어요. 공장에서나 사용될 것 같은 기계였고 관찰을 해봐도 별 반응이 없던 환상체였거든요. 그 날은 유독 [기록 말소] 가 가야 한다고 성화를 쳤어요. ‘창백한 말’ 이 자기에게 특별한 반응을 보였다던가 하는 말을 반복하면서요. 전 ‘창백한 말’ 이 저를 염두에 두고 [기록 말소] 에게 그런 행동을 보였다고 생각하지 않았어요. 제가 다루는 환상체들은 주로 안전한 녀석이었거든요. 전 언제나 운이 좋았어요. 그 날도 마찬가지일 거라 생각했죠. (중략)}
        ]
    </record>

    <record openLevel="2">
    -1->[
         {[기록 말소]가 그 환상체를 면밀하게 관찰을 했어요. 저는 그냥 대충 보고서만 쓰다가 돌아가고 싶었지만 그의 생각은 조금 달랐나 봐요. 아무 특징 없는 환상체란 존재하지 않는다는 확신을 가지고 있었던 거죠. 저는, 혹시 모르니까 너무 가까이에만 다가가지 말라고 경고했지만 [기록 말소] 는 한 발짝 더 내딛었어요. 그리고, 갑자기 작동을 하듯이 그것의 뚜껑이 열리고 순식간에 그를 집어삼켰어요. 말 그대로, 집어 삼켰어요. }
         ]
    </record>

    <record openLevel="3">
     -> [
        {뚜껑이 닫히고 요란한 소리가 나는데 그 안에서 무슨 일이 일어나고 있는지는 전혀 감이 잡히지 않고, 너무 무서워서 아무 행동도 할 수가 없었어요. (중략)
        }
        ]
    </record>

      <record openLevel="4">
     -> [
          { 암전 속에서 어렴풋이 깨달았는데, 그것은 연주를 하고 있었어요. [기록 말소] 의 몸을 으깨고, 자르면서요. 그건, 리듬이었어요. 그걸 인지하고 있는 스스로가 저주스러웠을 때 즈음 작업이  끝났는지 뚜껑이 다시 열렸어요. 그 안에 있는 건, [기록 말소] 의 아주 일부였어요. 어떻게 이것밖에 남지 않았을까, 생각될 정도요. (중략)
          }
        ]

        [
          {사건 기록 일부 발췌
          X월 X일 , 직원 M1840이 회사 내에서 실종되는 사건이 발생하였다. 2일이 지난 X일에, 시체 일부가 ‘노래하는 기계’ 에서 발견되었다. DNA 분석 결과 실종된 M1840 의 시체임이 밝혀졌다. 직원 M1840 은 회사에 입사한지 약 3개월이 지난 신입사원 이었고, 해당 환상체의 작업에 투여된 기록도 없었다. 용의자는 ‘노래하는 기계’의 담당 직원이었던 [기록말소] 이었다. 철저한 진상규명 끝에 [기록말소]는 범행을 자백했다. 

          “미친 짓이었다는 거 알아요. 한 번 만 더 그 연주소리를 들어보고 싶었어요. 몇 달 간 제 머릿속을 떠나지 않는 걸요. 온갖 실험을 다 해봤어요. 고양이를 투입시켰을 때는, 약 1분 간을 연주할 수 있었고, 조금 커다란 대형 개를 넣었을 때는 2분 30초로 [데이터말소] 한 음악 소리가 흘러나왔어요. 하지만 어떤 것도 사람 만큼 훌륭한 음악이 되지는 못했다고요. 어이없을 수도 있겠지만, 음 저는 만족해요. 죽기 전에 한 번더 들었다는 것이.” 

          }
        ]
    </record>
    
  </observe>
</crature>