<?xml version="1.0" encoding="UTF-8" ?>
<creature>
	<info id="20004"
		name="웃는 삐에로"
		codeId="?????"
		level="HE"
		stackLevel="2"

		attackType="WHITE"
		intelligence="대화 불가"
		
		horrorProb="0.4"
		horrorDmg="-20"
		
		physicsProb="0.5"
		physicsDmg="2" cmt1="뭔가 추가 조건이 있는데..."
		
		mentalProb="1"
		mentalDmg="30"

		observeLevel="5"

		script="SmilePierrot"
		>
		<feeling max="300" downProb="0.44" downValue="1">
			<section feelingValue="200" state="good" energy="0.4"/>
			<section feelingValue="50" state="normal" energy="0.2"/>
			<section feelingValue="0" state="bad" energy="-0.4"/>
		</feeling>

		<rejectSkill type="block" bonus="-0.3"/>

		<narration action="move">
			-> #0(이)가 작업을 시작하러 '웃는 삐에로'의 방에 들어갑니다
		</narration>

		<narration action="start">
			-> [
			{웃는 삐에로는 유쾌한 분위기를 띈 남성입니다. 그는 항상 사람들을 웃길 준비를 하고 있습니다. },
			{웃는 삐에로에게 유희를 기대하며 작업을 하러 간다면 곤란할 것입니다.},
			{웃는 삐에로는 상대가 웃어주기를 기다립니다. 간절히도요. },
			{웃으세요! Just Laugh! }
			]
		</narration>

		<narration action="mid1">
			-> [
			{#0(이)가 격리소에 들어올 때, ‘웃는 삐에로’ 는 새로운 동물모양으로 풍선 만드는 것을 시도하고 있습니다. },
			{‘웃는 삐에로’ 는 #0(이)가 올 시간에 맞춰 온갖 장난들을 연구해놓고 있었습니다. }
			]
		</narration>

		<narration action="mid2">
			-> [
			{‘웃는 삐에로’ 는 쉼 없이 킬킬 거리며 작업을 하고 있는 #0에게 다가갑니다.  },
			{‘웃는 삐에로’ 는 하던 일을 멈추고 작업 중인 #0에게 접근합니다.}
			]
		</narration>

		<narration action="mid3">
			-> [
			{‘웃는 삐에로’ 는 #0에게 얼굴을 최대한 일그러뜨리며 우스꽝스러운 표정을 보여줍니다. },
			{‘웃는 삐에로’ 는 모자 속에서 강아지 모양의 풍선을 #0에게 건넵니다.  }
			]
		</narration>

		<narration action="mid4">
			-> [
			{‘웃는 삐에로’ 는 #0의 반응을 기다립니다.  },
			{‘웃는 삐에로’ 는 자신의 행동에 굉장히 만족감을 느끼는 듯 웃음기 있는 얼굴로 #0(을)를 쳐다봅니다.}
			]
		</narration>

		<narration action="panic">
			-> [
			{웃음이라는 건 일상생활에선 꽤 긍정적인 요소로 다가오지만 과할 때는 조금 위험해집니다.},
			{아마 #0(은)는 호흡의 곤란으로 기절상태에 빠질 때까지 폭소를 멈추지 않을 것입니다. }
			]
		</narration>

		<narration action="dead">
			-> [
			{삐에로의 웃음 소리도 어느 순간 멈춰있었습니다.},
			{삐에로는 더 이상 ‘웃고 있지’ 않습니다. },
			{#0의 시체가 언제 발견될진 모르겠지만, 아마 억지로나마 웃고 있는 모습일 것입니다. 아마 삐에로는 마지막까지 웃음을 바랄테니끼요. }
			]
		</narration>

		<desc>
			"알록달록 분장을 한 삐에로의 형상을 하고 있는 남자다*분장이 너무 심해서 원래 얼굴을 알아보기 어려울 정도*우스꽝스러운 옷을 입.정을 지어내거나 풍선을 접어서 동물형태를 만드는 등의 시시한 장난에 불과하지만 있는 그를 위해서 힘껏 웃어주는 게 좋을 것이다*사람이 웃는다는 행위에 굉장한 만족감을 느끼는 것 같으며 반응을 보이지 않을 경우 비정상적으로 분노를 느낀다*한 방에 두명 이상을 투입시킬 경우 스트레스를 받기 때문에 한 명만을 투입 시켜주는 것이 좋다*어떤 특성을 지닌 직원을 투입시키냐에 따라 미치는 영향이 크게 차이나므로 신중하게 고르는 것이 좋다."
		</desc>

		<observe>
			<observe_sub>
			"아직 없다. 일해라 은봉"
			</observe_sub>

			<observe_sub>
			</observe_sub>

			<observe_sub>
			</observe_sub>

			<observe_sub>
			</observe_sub>
		</observe>

		<img src="Unit/creature/smilePierrot" x="-1" y="-1"/>
		<room src="Unit/creature/isolate_room"/>
		<frame src="Unit/creature/frame/SmilePierrot_frame"/>

		<graph>
			<node id="creature" x="-1.6" y="-1" type="creature"/>
			<node id="workspace" x="-1.0" y="-1" type="workspace"/>
			<node id="door"  x="2" y="-1" type="entry"/>
			<edge node1="workspace" node2="door" type="road" />
			<edge node1="creature" node2="workspace" type="road" />
		</graph>
	</info>
</creature>