<?xml version="1.0" encoding="UTF-8" ?>
<creature>
	<info id="30004"
		name="테레지아"
		codeId="T-02-09-W"
		level="TETH"
		stackLevel="2"

		attackType="WHITE"
		intelligence="대화 불가"
		
		horrorProb="0.9"
		horrorDmg="-10"
		
		physicsProb="0"
		physicsDmg="0" 
		
		mentalProb="0.4"
		mentalDmg="0"

		observeLevel="5"

		script="Theresia"
		>
		<feeling max="200" downProb="0.25" downValue="1">
			<section feelingValue="100" state="good" energy="0.4"/>
			<section feelingValue="50" state="normal" energy="0.2"/>
			<section feelingValue="0" state="bad" energy="-0.2"/>
		</feeling>

		<preferSkill type="indirect" bonus="0.2"/>
		<rejectSkill type="block" bonus="-0.2"/>


		<narration action="move">
			-> #0(이)가 작업을 시작하러 '테레지아'의 방에 들어갑니다
		</narration>

		<narration action="start">
			-> [
			{‘테레지아’는 만든 사람이 있었다면,  분명 공들여 깎았을 것이 분명한 정성이 보이는 조그만 조각상 입니다.  },
			{‘테레지아’ 에서부터 나오는 오르골 소리가 바쁘게 움직이는 직원들의 발걸음을 멈추게 합니다.},
			{‘테레지아’ 는 아주 먼 기억에서부터 회상되는 음악 소리를 들려줍니다. 그리고 그것은 직원들부터 ‘우울증’ 을 불러일으킵니다.},
			{발리레나가 춤을 춘다. 빙글 빙글 빙글 빙글…}
			]
		</narration>

		<narration action="mid1">
			-> [
			{‘테레지아’ 의 태엽을 돌리면, 분홍 빛깔의 의복을 입은 발레리나가 제자리를 돌며 춤을 춥니다. },
			{‘테레지아’ 의 한 편엔 조각칼로 새겨진 문장이 있습니다. 그 사실에 대해 아는 직원은 드뭅니다.}
			]
		</narration>

		<narration action="mid2">
			-> [
			{#0(은)는 ‘테레지아’ 를 보며 어울리지 않게 눈치를 봅니다.},
			{#0(은)는 작업을 하며 ‘테레지아’의 태엽을 간헐적으로 확인합니다. },
			{‘테레지아’ 의 태엽을 확인하는 것은 격리소 내에서 매우 중요한 일입니다.}
			]
		</narration>

		<narration action="mid3">
			-> [
			{테레지아의 어느 한 모서리에는 칼집으로 낸 문장들이 희미하게 보입니다.},
			{테레지아의 표면을 만져보면 맨들 맨들한 표면 너머로 누군가가 낸 칼집이 느껴질 것입니다. }
			]
		</narration>

		<narration action="mid4">
			-> [
			{이 오르골 기억하고 있어?},
			{내가 어렸을 때 생일날 받은 거야},
			{너무 기뻐서 매일 같이 듣곤 했어.},
			{지금도 소중히 간직하고 있어.}
			]
		</narration>

		<narration action="special_ability1">
			-> [
			{테레지아의 태엽이 조금씩 움직이며 발레리나가 춤을 추기 시작합니다. }
			]
		</narration>

		<narration action="special_ability2">
			-> [
			{(태엽 감는 소리)}
			]
		</narration>

		<narration action="special_ability3">
			-> [
			{이 음악 기억나 ?}
			]
		</narration>

		<narration action="special_ability4">
			-> [
			{우리가 어릴 적에 어머니께서 불러주시곤 했었잖아.}
			]
		</narration>


		<narration action="special_ability5"><![CDATA[
			-> [
			{테레지아가 들려주는 <엘리제를 위하여> 는 #0에게 작업을 멈추고 생각에 잠기게 만듭니다.}
			]
		]]></narration>


		<narration action="panic">
			-> [
			{발레리나의 풍성한 프릴들이 음악에 맞춰 나풀 거립니다.  },
			{춤을 추는 그녀의 눈은 허공을 보고 있습니다.},
			{녹이 섰지만 맑은 오르골 소리는 #0(을)를 우울하게 만듭니다.}
			]
		</narration>


		<desc><![CDATA[
			"춤을 추는 발레리나의 조각이 인상적인 오르골이다*옆에 있는 태엽을 돌리면 애틋한 느낌의 음악이 흐른다*언제, 누구에 의해서 제작되었는지 알 수 없으나 중간 중간에 음악의 소리가 뚝 뚝 끊기는 걸로 봐선 완전히 새 거 같진 않다*오르골에 칼집 같은 것으로 새겨진 문장이 있는데, '이 음악 기억 나? 우리가 어릴 적에 어머니께서 불러주시곤 했었잖아*생일 축하해*사랑을 담아, 테레지아'라고 적혀 있다*평소엔 직원들에게 아무런 영향도 끼치지 않으나 가끔씩 혼자 태엽이 돌려지며 음악이 흘러나올 때가 있다*음악을 들은 직원들은 모두 <우울중> 특성에 빠지게 된다*구체적으로 음악의 어떤 요소들이 영향을 끼치는진 확인이 불가능하다*직원이 자신의 의지로 오르골을 돌릴 경우, 정신력이 강해진다."
		]]></desc>

		<observe>
			<observe_sub>
			"없어 일해 은봉"
			</observe_sub>

			<observe_sub>
			</observe_sub>

			<observe_sub>
			</observe_sub>

			<observe_sub>
			</observe_sub>
		</observe>

		<img src="Unit/creature/Theresia" x="-1" y="-1"/>
		<room src="Unit/creature/isolate_room"/>
		<frame src="Unit/creature/frame/MagicalGirl_frame"/>

		<graph>
			<node id="creature" x="-1.6" y="-1" type="creature"/>
			<node id="workspace" x="-1.0" y="-1" type="workspace"/>
			<node id="door"  x="2" y="-1" type="entry"/>
			<edge node1="workspace" node2="door" type="road" />
			<edge node1="creature" node2="workspace" type="road" />
		</graph>
	</info>
</creature>