<?xml version="1.0" ?>
<creature>
	<stat>
		<name>BIRD</name>
		<level>...</level>
		<attackType>Red</attackType>

		<horrorProb>0.1</horrorProb>
		<horrorMin>2.0</horrorMin>
		<horrorMax>2.0</horrorMax>

		<physicsDmg>0.0</physicsDmg>
		<mentalDmg>4.0</mentalDmg>

		<feelingMax>250.0</feelingMax>
		<feelingDownValue>3.4</feelingDownValue>

		<!--
		<energySectionGood>50</energySectionGood>
		<energySectionNorm>x</energySectionNorm>
		<energyGenGood>27.0</energyGenGood>
		<energyGenNorm>x</energyGenNorm>
		<energyGenBad>-19.0</energyGenBad>
	
		<preferSkiilsGood>대화,세척,포옹하기</preferSkiilsGood>
		<preferValuesGood>15,8,25</preferValuesGood>
		<rejectSkiilsGood>직접,차단</rejectSkiilsGood>
		<rejectValuesGood>15,30</rejectValuesGood>

		<preferSkiilsNorm>x</preferSkiilsNorm>
		<preferValuesNorm>x</preferValuesNorm>
		<rejectSkiilsNorm>x</rejectSkiilsNorm>
		<rejectValuesNorm>x</rejectValuesNorm>

		<preferSkiilsBad>포옹하기</preferSkiilsBad>
		<preferValuesBad>21.0</preferValuesBad>
		<rejectSkiilsBad>차단</rejectSkiilsBad>
		<rejectValuesBad>50.0</rejectValuesBad>
		-->

		<energyPointChange>-4</energyPointChange>

		<energyGenSection>
			<section bound="80" gen="0.2875"/>
			<section bound="140" gen="0.275"/>
			<section bound="180" gen="-0.2375"/>
		</energyGenSection>
	</stat>
</creature>
