<?xml version="1.0" encoding="UTF-8" ?>
<creature>
	<info id="20001"
		name="이름 모를 남자의 초상화"
		codeId="?????"
		level="THEH"
		stackLevel="2"

		attackType="WHITE"
		intelligence="대화 불가"
		
		horrorProb="0.3"
		horrorDmg="-10"
		
		physicsProb="0"
		physicsDmg="0"
		
		mentalProb="0.3"
		mentalDmg="30"

		observeLevel="5"

		script="AnonymousManPortrait"
		>
		<feeling max="200" downProb="0.1" downValue="1">
			<section feelingValue="120" state="normal" energy="2"/>
			<section feelingValue="0" state="bad" energy="-1"/>
		</feeling>

		<preferSkill type="indirect" bonus="0.5"/>

		<desc>
			"empty"
		</desc>

		<observe>
		</observe>

		<img src="Unit/creature/ManPortrait" x="-1" y="-1"/>
		<room src="Unit/creature/isolate_room"/>
		<frame src="Unit/creature/frame/AnonymousManPortrait_frame"/>

		<graph>
			<node id="creature" x="-1.6" y="-1" type="creature"/>
			<node id="workspace" x="-1.0" y="-1" type="workspace"/>
			<node id="door"  x="2" y="-1" type="entry"/>
			<edge node1="workspace" node2="door" type="road" />
			<edge node1="creature" node2="workspace" type="road" />
		</graph>
	</info>
</creature>