<?xml version="1.0" encoding="UTF-8" ?>
<creature>
	<info id="30002"
		name="잭이 없는 콩나무"
		codeId="F-03-16-Z"
		level="ZAYIN"
		stackLevel="2"

		attackType="RED"
		intelligence="대화 불가"
		
		horrorProb="0.9"
		horrorDmg="-10"
		
		physicsProb="0"
		physicsDmg="0" 
		
		mentalProb="0.4"
		mentalDmg="0"

		observeLevel="5"

		script="JackLessTree"
		>
		<feeling max="200" downProb="0.25" downValue="1">
			<section feelingValue="100" state="good" energy="0.4"/>
			<section feelingValue="50" state="normal" energy="0.2"/>
			<section feelingValue="0" state="bad" energy="-0.4"/>
		</feeling>

		<preferSkill type="indirect" bonus="0.2"/>
		<rejectSkill type="block" bonus="-0.2"/>


		<narration action="move">
			-> #0(이)가 작업을 시작하러 '잭이 없는 콩나무'의 방에 들어갑니다
		</narration>

		<narration action="start">
			-> [
			{‘잭이 없는 콩 나무’ 는 크기를 가늠할 수 없는 거대한 나무 입니다. },
			{대부분의 직원들은 ‘잭이 없는 콩나무’를 격리소 내에서 신성한 존재라고 생각하고 있습니다.},
			{‘잭이 없는 콩 나무’ 는 직원들에게 긍정적인 효과를 주는 몇 안 되는 환상체 중 하나 입니다.},
			{잭은 콩 나무를 타고 끝에 도달하여 여러 보물들을 얻었습니다.}
			]
		</narration>

		<narration action="mid1">
			-> [
			{우리가 볼 수 있는 ‘잭이 없는 콩 나무’ 는 줄기의 극히 일부분 뿐입니다},
			{천장까지 뚫고 자라나는 ‘잭이 없는 콩 나무’는 웅장한 형태로 #0(을)를 맞이합니다.},
			{‘잭이 없는 콩 나무’의 경외적인 모습은 방에 들어온 #0(을)를 압도시킵니다.},
			{‘잭이 없는 콩 나무’ 의 방에서만 맡을 수 있는 자연의 냄새가 #0(을)를 편안하게 만듭니다.}
			]
		</narration>

		<narration action="mid2">
			-> [
			{‘잭이 없는 콩 나무’ 의 거대한 줄기 사이에서 살짝 끈적해 보이는 액체들이 흘러나옵니다. },
			{‘잭이 없는 콩 나무’ 주위 사이에 수액을 채취하기 위한 도구들이 여러 개 달려 있습니다. },
			{‘잭이 없는 콩 나무’에서 나오는 수액들은 격리소 내에서 상당히 중요한 역할을 하고 있습니다. }
			]
		</narration>

		<narration action="mid3">
			-> [
			{#0(이)가 작업을 하면서 ‘잭이 없는 콩나무’를 올려다 보기 위해 고개를 높이 쳐 듭니다.},
			{#0의 시선은 ‘잭이 없는 콩나무’ 의 끝에 향하고 싶은 건지 잠시 동안 그 자리에 서서 사진 같은 그 풍경을 바라봅니다.}
			]
		</narration>

		<narration action="mid4">
			-> [
			{작업하는 #0의 머리 위로 나뭇잎들이 떨어집니다.},
			{우리에겐 보이지 않는 아득하게 뻗어진 가지들에서 가끔 나뭇잎들이 떨어져 바닥에 쌓여갑니다.},
			{잭이 없는 콩 나무’ 에서 종종 떨어지는 나뭇잎들이 쌓여 #0(이)가 걸을 때마다 바스락 하는 소리를 냅니다. }
			]
		</narration>

		<narration action="special_ability1">
			-> [
			{‘잭이 없는 콩 나무’ 는 매일 00리터의 수액들을 생성합니다.}
			]
		</narration>

		<narration action="special_ability2">
			-> [
			{당도 섞인 수액의 향기는 가끔씩 벌레들까지 모이게 합니다.}
			]
		</narration>

		<narration action="special_ability3">
			-> [
			{‘잭이 없는 콩 나무’의 특유의 옅은 향기는 #0(을)를 기분을 나아지게 하고 체력을 회복시킵니다. }
			]
		</narration>



		<desc>
			"수많은 덩굴과 줄기와 가지들로 이뤄진 거대한 크기의 나무다*지름도 높이도 일반적인 나무들보다 비교가 불가능할 정도로 크다*언제부터 심어져있었던 건지 알 수 없다*너무 커서 천장이 뚫린 채로 이어져 있다*몇m인지도 모르며, 지금도 계속해서 자라고 있다는 설이 있지만 확인이 불가능하다*꼭대기에 무엇이 있는지 여러가지 설이 난무하지만 역시 확인할 방법이 없다*주변에 수액들이 흐르는데 직원들의 체력을 회복시키는 능력이 있는듯 하다*굳이 물을 주거나 관리를 해주지 않아도 알아서 잘 영양분을 섭취 하는 것 가탇*가끔가다 흉악한 성격을 가진 거인들이 나무를 타고 내려온다는 소문이 있지만 사실인지 알 수 없다."
		</desc>

		<observe>
			<observe_sub>
				"(상담기록 일부 발췌)"
				"(중략) 쿵 하는 소리가 들려서 바로 뛰어들어가 보니까 거대한 발만이 나뒹굴고 있었어요. 틀림없이 그 나무에서 떨어진거겠죠."
			</observe_sub>

			<observe_sub>
				"역겨운 모습이었어요. 털로 덮혀있고, 발톱은 수십센치쯤 됐을거에요. 고약한 냄새가 진동했죠. 몇일 후에 처리됐는데, 끝내 발의 주인의 무엇이었는진 저희로선 알길이 없으니까 흉흉한 소문만 나돈채 잊혀져갔죠."
				"제가 이 얘기를 할 때 마다 사람들이 거짓말 하지 말라고 비웃기만 하더라고요."
			</observe_sub>

			<observe_sub>
				"(상담기록2)"
				"터무니없는 얘기처럼 들릴 수 있겠지만, 직원들 중에 그 나무의 끝에 도달한다 뭐한다 해서 결국엔 올라간 놈이 있었다고 들었어요."
				"우리들에게 긍정적인 효과를 주는 몇 안되는 환상체이다 보니, 아마 꼭대기엔 모든 것들을 압도할 신 같은 존재가 있다는 망상에 빠졌나봐요."

			</observe_sub>

			<observe_sub>
				"물론 그 후로 그 미친놈이 어떻게 되었는지는 알 길이 없죠."
				"그 나무에 끝이라는 개념이 존재한다면, 뭐 잘 도착해서 살고 있겠죠."
			</observe_sub>
		</observe>

		<img src="Unit/creature/JackLessTree" x="-1" y="-1"/>
		<room src="Unit/creature/isolate_room"/>
		<frame src="Unit/creature/frame/MagicalGirl_frame"/>

		<graph>
			<node id="creature" x="-1.6" y="-1" type="creature"/>
			<node id="workspace" x="-1.0" y="-1" type="workspace"/>
			<node id="door"  x="2" y="-1" type="entry"/>
			<edge node1="workspace" node2="door" type="road" />
			<edge node1="creature" node2="workspace" type="road" />
		</graph>
	</info>
</creature>