<?xml version="1.0" encoding="UTF-8" ?>
<creature>
	<info id="20005"
		name="Magical Girl"
		codeId="O-01-04-H"
		level="HE"
		stackLevel="2"

		attackType="Red"
		intelligence="Able to partake in everyday conversation"
		
		horrorProb="0.4"
		horrorDmg="-30"
		
		physicsProb="0.5"
		physicsDmg="2" cmt1="실제로는 2~3"
		
		mentalProb="0"
		mentalDmg="0"

		observeLevel="5"

		script="MagicalGirl"
		>
		<feeling max="100" downProb="0.44" downValue="1">
			<section feelingValue="50" state="good" energy="0.5"/>
			<section feelingValue="30" state="normal" energy="0.3"/>
			<section feelingValue="0" state="bad" energy="-1.3"/>
		</feeling>

		<skill_bonus>
			<prefer_skill type="block" bonus="0.5"/>
			<reject_skill type="indirect" bonus="-0.3"/>
		</skill_bonus>

		<narration action="move">
			-> #0(이)가 작업을 시작하러 '마법 소녀'의 방에 들어갑니다
		</narration>

		<narration action="start">
			-> [
			{‘마법소녀’는 아마 모든 환상체들 중에 활발하고 쾌활한 성격을 지닌 소녀일 것입니다. 그러나 과연 그 뿐일지는 모르는 일입니다. },
			{‘마법소녀’는 아직까진 우리들에게 괜찮지만, 여전히 유의해야 할 것입니다.},
			{‘마법소녀’의 잠재적 위험성에 대해 대부분의 직원들은 다 알 것입니다. 경계를 게을리 하지 마세요.},
			{사실  ‘마법소녀’가 원하는 것은 ‘평화’가 아닙니다. }
			]
		</narration>

		<narration action="mid1">
			-> [
			{‘마법소녀’ 는 기분 좋은 듯 창 밖을 바라보며 콧노래를 흥얼거립니다. },
			{‘마법소녀’ 는 밝은 미소로 방으로 들어온 #0(을)를 맞이합니다. },
			{‘마법소녀’ 는 #0에게 먼저 인사합니다. ‘오늘은 날씨가 정말 좋아요!’},
			{‘마법소녀’ 는 #0(을)를 눈에 띄게 반가워합니다. }
			]
		</narration>

		<narration action="mid2">
			-> [
			{마법소녀가 #0에게 지난 번 악당과 3:1 로 싸워 이긴, 그녀의 영웅담을 이야기해주며 자랑스러워 하고 있습니다.  },
			{#0(이)가 ‘마법소녀’의 이야기를 듣고 있습니다. 벌써 여러 번도 더 해준 이야기지만 그녀는 계속해서 말하고 싶어합니다.},
			{#0(이)가 칭찬을 해주자 그녀가 기분 좋은 듯 웃습니다. }
			]
		</narration>

		<narration action="mid3">
			-> [
			{그녀의 ‘마법구두’ 가 이따금씩 또각 거리며 유쾌한 소리를 냅니다. },
			{그녀의 목에 달린 ‘마법 보석’이 햇빛에 반짝이며 빛을 냅니다. },
			{그녀의 풍성한 마법복의 레이스가 풍성하게 흔들립니다. }
			]
		</narration>

		<narration action="mid4">
			-> [
			{그녀는 #0에게 ‘사명감’에 대하여 이야기 합니다. 자신의 사명은 대단히 중요하고 비밀스러운 것이라고 속삭입니다. },
			{그녀는 #0에게 ‘정의’ 에 대하여 이야기 합니다. 자신이 하는 일 자체가 곧 정의라고 속삭입니다.  }
			]
		</narration>

		<narration action="reverse1">
			-> [
			{‘마법소녀’는 울적한 목소리로 방에 들어온 #0에게 중얼거리지만 잘 들리지 않습니다.},
			{‘마법소녀’ 는 #0(이)가 방에 들어왔음에도 전과 달리 돌아보지는 않습니다. }
			]
		</narration>

		<narration action="reverse2">
			-> [
			{#0(이)가 ‘마법소녀’의 상태를 확인 하기 위해 그녀에게 다가갑니다. ‘평화가 질려가고 있어요},
			{그녀가 또박 또박 중얼거립니다. ‘오늘은 날씨가 좋네요. 기쁘지는 않아요.’}
			]
		</narration>

		<narration action="reverse3">
			-> [
			{그녀의 ‘마법구두’가 조용히 또각 거리며 침묵을 깨뜨립니다.},
			{그녀의 눈빛에는 초점이 없고 입가엔 평소엔 본 적 없던 음산한 미소가 지어집니다.  }
			]
		</narration>

		<narration action="special_ability1">
			-> [
			{더 이상 마법소녀가 아니게 된 ‘마법소녀’는 #(0)에게 살의를 담긴 눈빛을 보입니다}
			]
		</narration>

		<narration action="special_ability2">
			-> [
			{‘마법소녀’는 #0(이)가 마취주사를 놓는다는 걸 눈치채고 먼저 공격을 가했습니다.}
			]
		</narration>

		<narration action="special_ability3">
			-> [
			{#0에게 마법적인 힘을 가했습니다. }
			]
		</narration>
		
		<narration action="dead">
			-> [
			{‘마법소녀’는 쓰러진 #0(을)를 그대로 밟은 채 방을 빠져 나갑니다. 그녀는 다른 희생자들을 찾아 격리소 구석 구석을 헤맬 것입니다. },
			{숨이 끊어지기 직전에 #0(은)는 있는 힘을 다 짜내어 ‘마법소녀’ 에게 말을 걸어 보려 합니다. ‘마법소녀’는 아무 것도 들리지 않는 다는 듯 격리실의 문을 열었습니다.}
			]
		</narration>

		<desc>
      "Creature has the appearance of a woman ready fight any villain for peace and justice. Generally the creature is kind and polite to the staff and is able to converse casually. Creature continues to believe that it is a hero sent to save the world and is considerably proud of that fact. When the creature is faced with 'Anxiety' or 'Skepticism', within 2-4 days its outer persona changes and creature displays symptoms of dissociative disorder. Its definition of good and evil is fixed in its mind. Some assume that, when the creature’s beliefs led to the horrible doubt about the existence of evil, it chose to become ‘evil’ to negate that doubt. After ‘enraged’ behavior passes, it does not remember its own behavior. There is no need to remind the creature of past events.*"
		</desc>

		<observe>
			<observe_sub>
        "Employee M4032 : so, how are you doing today?"
        "Little Witch : Great. It’s quiet in here and the world is peaceful. Peace is a great thing. No more villains. Right?"
        "(Omitted)"
      </observe_sub>

			<observe_sub>
        "Employee M4032 : You look a bit blue today."
        "Little Witch: Still great. World is peaceful, in here it’s… (Creature fell silent)"
        "(Omitted)"
      </observe_sub>

			<observe_sub>
        "Employee M4032 : Hey, are you alright?"
        "Little Witch: Why is it still so peaceful? I live to defeat evil villains. The world doesn’t need me at all, does it? Oh, did I tell you I’m a witch? I was chosen to bring peace in to the world. But today, it’s already quiet. (Creature continued to murmur incomprehensible words by itself)"
        "(Omitted)"
        "(The creature showed signs of anxiety and compulsive behavior; it didn’t even notice when the Employee came into the room)"
      </observe_sub>

			<observe_sub>
        "Little Witch : The world in divided into good and evil. I stand with justice. If I am good, there must be evil too. Without evils, I cannot exist. Who would save the world then?"
        "After these symptoms where displayed she was sedated with enough anesthetic to last 3 days."
      </observe_sub>
		</observe>

		<anim prefab="Unit/CreatureAnimator/MagicalGirlAnim" x="-1" y="-2"/>
    
		<!--<img src="Unit/creature/MatchGirl_01" x="-1" y="-1"/>-->
    	<img src="Unit/dummy" x="-1" y="-1"/>
    <portrait src="Unit/creature/magicalGirl"/>
		<room src="Unit/creature/isolate_room"/>
		<frame src="Unit/creature/frame/MagicalGirl_frame"/>

		<graph>
			<node id="creature" x="-1.6" y="-1" type="creature"/>
			<node id="workspace" x="1.9" y="-1" type="workspace"/>

			<!--<node id="door"  x="2" y="-1" type="entry"/>-->
			<node id="outter" x="0" y="0" type="outterDoor"/>
			<node id="inner" x="2" y="-1" type="innerDoor"/>

			<!--<edge node1="workspace" node2="door" type="road" />-->
			<edge node1="workspace" node2="inner" type="road" />
			<edge node1="creature" node2="workspace" type="road" />
		</graph>
	</info>
</creature>
