﻿<?xml version="1.0" encoding="UTF-8" ?>
<creature>
	<info id="10002"
		codeId="F-01-035-R"
		stackLevel="2"
		intelligence="대화 가능"

		observeLevel="5"
        
		script="OldLady"
		>
    
		<typo action="enter_room" src="typo/01_matchGirl_out_typo" layout="center_bottom"/>

		<narration action="move">
			-> #0(이)가 작업을 시작하러 늙은 여인의 방에 들어갑니다
		</narration>

		<narration action="start">
			-> [
			{‘늙은 여인’은 우리에게 있어 낯설기만 한 환상체 입니다. 최대한 신중하게 작업을 명령해야 할 것입니다.},
			{‘늙은 여인’ 은 정신적인 피해를 입힐 수 있는 환상체입니다.멘탈수치가 높은 직원을 보내는 것이 이로울 것입니다.},
			{‘늙은 여인’ 은 자칫하면 도스토예프스키를 패닉으로 이끌 수 있는 환상체지만 오랜 관찰로 우린 그녀에 대해 많이 익숙해졌습니다.},
			{‘늙은 여인’ 의 이야기를 들을 준비가 되었습니까?}
			]
		</narration>

		<narration action="mid1">
			-> [
			{늙은 여인이 들어있는 방에서부터, 숨 막히는 침묵이 버겁기 다가옵니다.},
			{흔들의자의 낡은 소리가 오히려 늙은 여인의 방안 가득 잠식된 침묵을 소름끼치게 잘라냅니다.},
			{부자연스럽게 곰팡이 같은 무언가가 잔뜩 낀 장판 위에서 흔들의자가 삐그덕 하는 소리를 냅니다.},
			{바닥과 벽지는 노인의 이야기를 감당 못했는지 군데 군데 금이 나있습니다.}
			]
		</narration>
		<narration action="mid2">
			-> [
			{늙은 여인의 늙은 이야기들엔 저주가 스며들었습니다. 이제 사람들은 그녀의 이야기에 귀를 기울여야만 할 것입니다.},
			{늙은 여인의 영혼은 이미 오래 전 고독하게 마감했을지도 모릅니다.},
			{그녀는 한 때 수많은 이야기들로 사람들을 사로잡았지만 오랜 시간이 흐른 뒤 여인의 이야기엔 저주가 스며들었습니다.},
			]
		</narration>
		<narration action="mid3">
			-> [
			{늙은 여인은 귀도 멀고 눈도 거의 보이지 않지만 #0(이)가 있다는 사실은 직시하고 있습니다.},
			{ 어느 순간 의자의 소리가 멈춥니다.늙은 여인이 말합니다. “그리고 당신이 원하는 모든 것은 무지개예요. 그리고 당신이 얻을 모든 것은 비에요.”}
			]
		</narration>
		<narration action="mid4">
			-> [
			{#0(은)는 작업을 끝마쳤습니다. #0(은)는 서둘러 늙은 여인의 방에서 빠져나옵니다.},
			{작업이 끝난 #0(은)는 방을 벗어납니다. 그녀의 남은 고독은 이야기로 채워질 것입니다.}
			]
		</narration>

		<narration action="finish">
			-> 작업이 성공적으로 끝난 것 같네요. 의자소리가 귀뒤로 들립니다.
		</narration>

		<narration action="special_ability1">
			-> [
			{늙은 여인이 #0에게 말을 겁니다.}
			]
		</narration>
		<narration action="special_ability2">
			-> [
			{“아가, 아가, 이야기를 들려줄까?”}
			]
		</narration>
		<narration action="special_ability3">
			-> [
			{“장작더미 부근에, 장작더미 부근에,”}
			]
		</narration>

		<narration action="special_ability4">
			-> [
			{“그 곳에서 너는 너의 삼촌 딕을 만났어.”}
			]
		</narration>

		<narration action="special_ability5">
			-> [
			{“너는 그의 머리를 뽑아버리고 그의 피를 마셨지.”}
			]
		</narration>

		<narration action="special_ability6">
			-> [
			{“그를 죽인 건 금요일이지만 일요일에 묻어버렸지.”}
			]
		</narration>

		<narration action="panic">
			-> [
			{#0(은)는 어느 순간 자신의 손에 흙 조각이 묻어난 삽이 들려 있다는 걸 깨달았습니다. 동료들은 그의 손에 아무 것도 없다는 사실을 알려줬지만 그는 계속해서 소리를 지릅니다.}
			]
		</narration>

		<narration action="dead">
			-> [
			{이렇게 죽는것은 존재하지 않음.}
			]
		</narration>

		<desc>
			"왜소하고 나이가 들어보이는 노인의 형태를 띄고 있다*본 환상체가 있는 공간으로 들어오면 어떤 대상이던간에 말을 건다*매 상황마다 바뀌지만 매번 처음에는 ‘아가, 아가, 옛날 이야기를 들려줄까?’ 하는 말로 시작이 된다고 한다*어쩔 땐 자장가 같이 조용히 흥얼거리는 노래일수도 있으며 어쩔 땐 특별한 의미를 찾을 수 없는 시 구절이 되기도 하며 누구나 알 수 있는 흔한 동화부터 시작해서, 누구도 모르는 이야기를 하기도 한다*	그것은 세상의 모든 이야기들과 아이들을 위한 노래를 알 고 있으며, 대상이 공간을 벗어나기 전까진 이야기를 절대 멈추지 않는다*정기적으로 직원들을 투입시켜 '청소'를 해야 스트레스가 감소된다."
		</desc>

		<observe>
			"왜냐하면 투명하기 때문이다."
		</observe>

		<img src="Unit/creature/oldLady" x="-1" y="-1"/>
		<room src="Unit/creature/isolate_room"/>
		<frame src="Unit/creature/oldLady_Frame"/>
		
		<graph>
			<node id="creature" x="-1.6" y="-1" type="creature"/>
			<node id="workspace" x="-1.0" y="-1" type="workspace"/>
			<node id="door"  x="2" y="-1" type="entry"/>
			<edge node1="workspace" node2="door" type="road" />
			<edge node1="creature" node2="workspace" type="road" />
		</graph>

		<sound action="attack" src="creature/old_lady/oldlady_normal"/>
		<sound action="enter" src="creature/old_lady/oldlady_enter"/>
	</info>
</creature>