﻿<?xml version="1.0" encoding="UTF-8" ?>
<creature>
	<info id="10006"
		name="One sin and hundreds of good deeds"
		codeId="O-03-03-Z"
		level="ZAYIN"
		stackLevel="1"
		attackType="White"
		intelligence="1"
		
		horrorProb="100"
		horrorDmg="-1"
		
		physicsProb="0"
		physicsDmg="0"
		
		mentalProb="0"
		mentalDmg="0"

		script="OneBadManyGood"

		observeLevel="5"
		>
		<feeling max="400" downProb="0.1" downValue="3.3">
			<section feelingValue="400" state="good" energy="0.6"/>
			<section feelingValue="100" state="bad" energy="0.1"/>
		</feeling>
		
		<rejectSkill type="direct" bonus="0"/>
		<rejectSkill type="block" bonus="-0.1"/>

		<typo action="enter_room" src="typo/01_matchGirl_out_typo" layout="center_bottom"/>

		<narration action="move">
			-> #0(이)가 작업을 시작하러 '단 한번의 악과 수백가지의 선행'의 방에 들어갑니다
		</narration>

		<narration action="start">
			-> [
			{‘단 한번의 악과 수백가지의 선행’ 의 방에 들어가는 것에 대하여 #0(은)는 두려움을 느낍니다. 그것에 대해 아는 것이 아무 것도 없기 때문입니다. },
			{‘단 한번의 악과 수백가지의 선행’ 은 상황에 따라선 직원들에게 긍정적인 효과를 줄 수도 있습니다. },
			{‘단 한번의 악과 수백가지의 선행’ 에겐 ‘정직’한 직원을 보내야 한다는 건 이제 알고 있겠죠. },
			{‘단 한번의 악과 수백가지의 선행’ 은 당신을 꿰뚫어 볼 것입니다.}
			]
		</narration>

		<narration action="mid1">
			-> [
			{‘단 한번의 악과 수백가지의 선행’ 이 사람들의 죄를 기다리고 있습니다.},
			{#0의 죄들은 ‘단 한번의 악과 수백가지의 선행’ 에게 곧 도달할 것입니다.},
			{‘단 한번의 악과 수백 가지의 선행’ 은 이따금씩 이빨을 맞부딪히며 위협적일 소리를 냅니다.},
			{‘단 한번의 악과 수백 가지의 선행’은 공중에 부유하며 느리게 움직입니다.}
			]
		</narration>
		<narration action="mid2">
			-> [
			{‘단 한번의 악과 수백 가지의 선행’ 의 눈은 텅 비어있습니다. 그러나 #0(이)가 방에 들어왔다는 사실은 분명히 인지할 것입니다.},
			{‘단 한번의 악과 수백 가지의 선행’은 당신들의 단죄자 입니다.},
			{‘단 한번의 악과 수백 가지의 선행’ 에게서 #0(은)는 경건한 느낌을 받습니다.}
			]
		</narration>
		<narration action="mid3">
			-> [
			{#0(은)는 명령 받은 작업을 끝마쳤지만 ‘단 한번의 악과 수백 가지의 선행’ 은 반응이 없습니다.},
			{#0(이)가 작업을 진행하는 동안 ‘단 한번의 악과 수백 가지의 선행’ 은 일말의 반응도 없었습니다.}
			]
		</narration>
		<narration action="mid4">
			-> [
			{죽음 뒤에 있는 것은 거미뿐 입니다.},
			{고통을 짊어지러 간다는 것만으로도 죄의 반은 가져가는 것일 겁니다.},
			{자신을 가장 교묘히 속일 수 있는 인간 만이 가장 유쾌하게 살 수 있을 것입니다.}
			]
		</narration>

		<narration action="finish">
			-> 청소 작업이 성공적으로 끝난 것 같네요. 소녀는 풀이 죽은 표정입니다.
		</narration>

		<narration action="special_ability1">
			-> [
			{#0(이)가 ‘단 한번의 악과 수백 가지의 선행’ 에게 무단결근을 한 것에 대해서 고해했습니다.}
			{#0(이)가 ‘단 한번의 악과 수백 가지의 선행’ 에게 부모님께 거짓말을 한 사실을 고백했습니다.},
			{#0(이)가 ‘단 한번의 악과 수백 가지의 선행’ 에게 친구를 질투한 일에 대하여 털어놓았습니다.},
			{#0(이)가 ‘단 한번의 악과 수백 가지의 선행’ 에게 ‘작년 7월의 그 사건’ 에 대하여 고백하였습니다.}
			]
		</narration>
		<narration action="special_ability2">
			-> [
			{정말, 벌이 내리기 시작했습니다.}
			]
		</narration>
		<narration action="special_ability3">
			-> [
			{평생 지워지지 않을 자책이 #0에게는 최대의 벌일 것입니다.}
			]
		</narration>

		<narration action="panic">
			-> [
			{#0의 모든 생각은 죽어버렸습니다. 나갈 곳 없는 괴로움과 불안이 그를 짓눌러옵니다.}
			]
		</narration>

		<narration action="dead">
			-> [
			{불가능}
			]
		</narration>

		<desc>
      "Figure is that of a skull with a crown of thorns, attached to a gigantic cross.*It levitates about a meter above the ground.*Despite its harsh appearance, it hardly ever leads an attack.*It often makes noises by clacking its teeth together but there is no need to pay extra attention to that noise.*Stress levels rises rather sluggishly, so less attention is required compared to other Illutionites.*When stressed, ‘feeding’ it is necessary although it does not feed on typical sustenance.*It feeds on human ‘sins’, revealed through confession.*Employee on duty must sit (or stand) in front of the creature and confess to his/her sins.*There is no way to know how it digests words but stress levels do decrease.*When the confession is untrue, there is no telling what may happen."
    </desc>

		<observe>
      <observe_sub>
        "Observation Log #4_435"
        "Of course its eye sockets were empty, it was a skull."
        "It didn’t mean that it couldn’t see. I can feel its gaze on me, listening."
        "Letting stuff out in confession did lightened the psychological burden."
      </observe_sub>

      <observe_sub>
        
        
      </observe_sub>
      
		</observe>

		<img src="Unit/creature/oneGoodManyBad" x="-1" y="-1"/>
		<room src="Unit/creature/isolate_room"/>
		<frame src="Unit/creature/oneGoodManyBad_Frame"/>
		
		<graph>
			<node id="creature" x="-1.6" y="-1" type="creature"/>
			<node id="workspace" x="-1.0" y="-1" type="workspace"/>
			<node id="door"  x="2" y="-1" type="entry"/>
			<edge node1="workspace" node2="door" type="road" />
			<edge node1="creature" node2="workspace" type="road" />
		</graph>

		<sound action="attack" src="creature/onebad_good/oneBad_special_sry"/>
		<sound action="enter" src="creature/onebad_good/oneBad_enter"/>
	</info>
</creature>