<?xml version="1.0" encoding="UTF-8" ?>
<creature>
	<info id="30001"
		name="Silent Girl"
		codeId="O-01-01-T"
		level="TETH"
		stackLevel="2"

		attackType="WHITE / RED"
		intelligence="Incommunicable"
		
		horrorProb="0.9"
		horrorDmg="-10"
		
		physicsProb="0"
		physicsDmg="0" 
		
		mentalProb="0.4"
		mentalDmg="0"

		observeLevel="5"

		script="SilentGirl"
		>
		<feeling max="200" downProb="0.25" downValue="1">
			<section feelingValue="100" state="good" energy="0.4"/>
			<section feelingValue="50" state="normal" energy="0.2"/>
			<section feelingValue="0" state="bad" energy="-0.4"/>
		</feeling>

		<preferSkill type="indirect" bonus="0.2"/>
		<rejectSkill type="block" bonus="-0.2"/>


		<narration action="move">
			-> #0(이)가 작업을 시작하러 '아무 말 없는 소녀'의 방에 들어갑니다
		</narration>

		<narration action="start"><![CDATA[
			-> [
			{‘아무 말 없는 소녀’ 에 대해서는 우리가 알아낸 게 거의 없습니다. 말 그대로 그녀는 그저 아무 말이 없는 소녀일 뿐 입니다.},
			{‘아무 말 없는 소녀’ 는 물리공격과 정신공격을 병행하는 까다로운 환상체입니다. 이에 유의하며 명령을 내려주세요. },
			{‘아무 말 없는 소녀’ 에게 <죄책감> 특성을 가진 직원을 보낸 것 만큼이나 어리석은 짓은 없을 것입니다.},
			{이제 우리는 ‘아무 말 없는 소녀’ 의 침묵을 견딜 수 있습니다.}
			]
		]]></narration>

		<narration action="mid1">
			-> [
			{‘아무 말 없는 소녀’ 는 매력적인 여성의 모습을 띄고 있습니다. },
			{사실 남자 직원들은 ‘아무 말 없는 소녀’의 방에 투입되는 걸 내심 기대하고 있습니다. },
			{‘아무 말 없는 소녀’ 는 긴 생머리에 가슴 골이 패인 옷을 입은 모습입니다.},
			{‘아무 말 없는 소녀’는 종종 묘한 눈빛을 하며 우리를 바라보기도 합니다.}
			]
		</narration>

		<narration action="mid2">
			-> [
			{#0(은)는 잔뜩 긴장한 표정으로 작업을 시작합니다. 두려움이 아닌 호기심의 눈빛으로 환상체를 흘긋 거립니다. },
			{#0(은)는 ‘아무 말 없는 소녀’ 를 경계하는 듯 작업을 시작합니다. }
			]
		</narration>

		<narration action="mid3">
			-> [
			{소녀가 #0에게 멈춰 선 채로 위험해 보이는 미소를 짓고 있습니다. },
			{‘아무 말 없는 소녀’가 굳어버린 #0에게 천천히 다가가려 합니다.}
			]
		</narration>

		<narration action="mid4">
			-> [
			{하지만 공격할 마음은 없는 건지 더 이상 아무런 행동은 취하지 않습니다. 안도의 한숨을 내쉬며 #0의 작업은 끝났습니다. },
			{다행히도 소녀가 손에 든 못과 망치는 #0(을)를 향하지 않았습니다.}
			]
		</narration>

		<narration action="special_ability1">
			-> [
			{‘아무 말 없는 소녀’가 #0에게 눈을 마주친 채 야릇한 표정을 짓습니다.}
			]
		</narration>

		<narration action="special_ability2">
			-> [
			{어느새 소녀는 #0의 몸에 올라타 쥐고 있던 망치를 꺼냅니다. }
			]
		</narration>

		<narration action="special_ability3">
			-> [
			{#0의 반항은 무력화 되었습니다. }
			]
		</narration>

		<narration action="special_ability3_1">
			-> [
			{부모님에 대한 죄책감으로 #0의 마음에 대 못이 박히게 되었습니다.}
			]
		</narration>


		<narration action="special_ability3_2">
			-> [
			{동료에게 상처 입힌 말을 한 것에 대한 죄책감으로 #0의 마음에 대못이 박히게 되었습니다.}
			]
		</narration>


		<narration action="special_ability3_3">
			-> [
			{어릴 적 볼펜을 훔친 것에 대한 죄책감으로 #0의 마음에 조그만 못이 박혔습니다.}
			]
		</narration>

		<narration action="panic">
			-> [
			{#0(은)는 소녀에게 소리를 지릅니다. “그런 눈으로 나를 쳐다 보지마!” 그를 격리시키기 위해 다른 직원들을 투입시켜야 될 것 같습니다. },
			{#0의 정신은 무력해졌습니다. 그의 두려움은 그의 정신을 영원히 파괴시켰습니다.}
			]
		</narration>


		<narration action="dead">
			-> [
			{정신을 차려보니, #0의 가슴엔 못이 박혀 있었습니다. 자신이 못을 박은 누군가를 회상하며 도스토예프스키는 죄책감 속의 죽음을 맞이했습니다. },
			{분명 자신도 언젠가, 소녀와 똑 같은 망치와 못을 쥔 채 주변 사람들에게 못을 박았을 지도 모릅니다. #0(은)는 차가운 타일 위에 쓰러졌습니다. }
			]
		</narration>



		<desc>
      "Figure appears as a young woman carrying a hammer and a large nail.*Generally giving the look of someone with a secret, the creature keeps its hands held behind its back.*The creature has a friendly appearance and does not lead an attack, thus causes carelessness in most employees.*However, when faced with an individual who appears susceptible to fear or one that carries guilt, creature displays sudden aggression.*Creature renders opponent defenseless with its unique ambience, then brings out its secret weapon.*"
    </desc>

		<observe>
			<observe_sub>
			"관찰일지 없다 은봉 일해라"
			</observe_sub>

			<observe_sub>
			</observe_sub>

			<observe_sub>
			</observe_sub>

			<observe_sub>
			</observe_sub>
		</observe>

		<img src="Unit/creature/SilentGirl_01" x="-1" y="-1"/>
		<room src="Unit/creature/isolate_room"/>
		<frame src="Unit/creature/frame/MagicalGirl_frame"/>

		<graph>
			<node id="creature" x="-1.6" y="-1" type="creature"/>
			<node id="workspace" x="0.0" y="-1" type="workspace"/>
			<node id="door"  x="2" y="-1" type="entry"/>
			<edge node1="workspace" node2="door" type="road" />
			<edge node1="creature" node2="workspace" type="road" />
		</graph>
	</info>
</creature>